{"pos": [[3, 4], [4, 4], [3, 3], [4, 3], [3, 2], [4, 2], [3, 1], [3, 2], [3, 0], [3, 1], [4, 0], [4, 1], [3, 0], [3, 1], [4, 0], [4, 1], [3, 0], [3, 1], [4, 0], [4, 1], [3, 0], [3, 1], [4, 0], [4, 1], [3, 0], [3, 1], [4, 0], [4, 1], [3, 0], [3, 1], [4, 0], [4, 1], [3, 0], [3, 1], [4, 0], [4, 1], [3, 0], [3, 1], [4, 0], [4, 1], [3, 0], [3, 1], [4, 0], [4, 1], [3, 0], [3, 1], [4, 0], [4, 1], [3, 0], [3, 1], [4, 0], [4, 1], [3, 0], [3, 1], [4, 0], [4, 1], [3, 0], [3, 1], [4, 0], [4, 1], [3, 0], [3, 1], [4, 0], [4, 1], [3, 0], [3, 1], [4, 0], [4, 1], [3, 0], [3, 1], [4, 0], [4, 1], [3, 0], [3, 1], [4, 0], [4, 1], [3, 0], [3, 1], [3, 0], [4, 1]], "a_points": [0, 0, 0, 0, 0, 0, 0, 0, 0, 0, 0, 0, 0, 0, 0, 0, 0, 0, 0, 0, 0, 0, 0, 0, 0, 0, 0, 0, 0, 0, 0, 0, 0, 0, 0, 0, 0, 0, 0, 0, 0, 0, 0, 0, 0, 0, 0, 0, 0, 0, 0, 0, 0, 0, 0, 0, 0, 0, 0, 0, 0, 0, 0, 0, 0, 0, 0, 0, 0, 0, 0, 0, 0, 0, 0, 0, 0, 0, 4, 4], "b_points": [0, 0, 0, 0, 0, 0, 0, 0, 0, 0, 0, 0, 0, 0, 0, 0, 0, 0, 0, 0, 0, 0, 0, 0, 0, 0, 0, 0, 0, 0, 0, 0, 0, 0, 0, 0, 0, 0, 0, 0, 0, 0, 0, 0, 0, 0, 0, 0, 0, 0, 0, 0, 0, 0, 0, 0, 0, 0, 0, 0, 0, 0, 0, 0, 0, 0, 0, 0, 0, 0, 0, 0, 0, 0, 0, 0, 0, 0, 0, 1], "a_turns_left": [39, 39, 38, 38, 37, 37, 36, 36, 35, 35, 34, 34, 33, 33, 32, 32, 31, 31, 30, 30, 29, 29, 28, 28, 27, 27, 26, 26, 25, 25, 24, 24, 23, 23, 22, 22, 21, 21, 20, 20, 19, 19, 18, 18, 17, 17, 16, 16, 15, 15, 14, 14, 13, 13, 12, 12, 11, 11, 10, 10, 9, 9, 8, 8, 7, 7, 6, 6, 5, 5, 4, 4, 3, 3, 2, 2, 1, 1, 0, 0], "b_turns_left": [40, 39, 39, 38, 38, 37, 37, 36, 36, 35, 35, 34, 34, 33, 33, 32, 32, 31, 31, 30, 30, 29, 29, 28, 28, 27, 27, 26, 26, 25, 25, 24, 24, 23, 23, 22, 22, 21, 21, 20, 20, 19, 19, 18, 18, 17, 17, 16, 16, 15, 15, 14, 14, 13, 13, 12, 12, 11, 11, 10, 10, 9, 9, 8, 8, 7, 7, 6, 6, 5, 5, 4, 4, 3, 3, 2, 2, 1, 1, 0], "a_time_left": [359.95282090001274, 359.95282090001274, 359.9299674000358, 359.9299674000358, 359.89466200000606, 359.89466200000606, 359.8629018999636, 359.8629018999636, 359.8485894999467, 359.8485894999467, 359.83947519992944, 359.83947519992944, 359.8251977999462, 359.8251977999462, 359.8201745999977, 359.8201745999977, 359.8100245000096, 359.8100245000096, 359.80172180000227, 359.80172180000227, 359.7926648000721, 359.7926648000721, 359.7836637001019, 359.7836637001019, 359.76680440013297, 359.76680440013297, 359.76127440016717, 359.76127440016717, 359.7520331001142, 359.7520331001142, 359.7469497000566, 359.7469497000566, 359.73584890004713, 359.73584890004713, 359.730979999993, 359.730979999993, 359.715817600023, 359.715817600023, 359.70560570003, 359.70560570003, 359.6959612000501, 359.6959612000501, 359.6898102000123, 359.6898102000123, 359.68103219999466, 359.68103219999466, 359.67606680002064, 359.67606680002064, 359.6583752000006, 359.6583752000006, 359.64816159999464, 359.64816159999464, 359.6384280999191, 359.6384280999191, 359.63276920001954, 359.63276920001954, 359.62289850006346, 359.62289850006346, 359.6171595000196, 359.6171595000196, 359.6080209000502, 359.6080209000502, 359.6029470000649, 359.6029470000649, 359.5937348001171, 359.5937348001171, 359.588622600073, 359.588622600073, 359.57441810006276, 359.57441810006276, 359.5694342000643, 359.5694342000643, 359.5604010000825, 359.5604010000825, 359.5511166000506, 359.5511166000506, 359.5421318000881, 359.5421318000881, 359.5396465000231, 359.5396465000231], "b_time_left": [360, 359.9636659999378, 359.9636659999378, 359.9179117999738, 359.9179117999738, 359.87120049993973, 359.87120049993973, 359.8411707999185, 359.8411707999185, 359.824878999847, 359.824878999847, 359.7908085999079, 359.7908085999079, 359.7764665998984, 359.7764665998984, 359.7628374999622, 359.7628374999622, 359.7478387999581, 359.7478387999581, 359.7344552000286, 359.7344552000286, 359.7185899000615, 359.7185899000615, 359.69376910000574, 359.69376910000574, 359.6789526999928, 359.6789526999928, 359.6641050000908, 359.6641050000908, 359.64939230005257, 359.64939230005257, 359.62654710002244, 359.62654710002244, 359.6099051000783, 359.6099051000783, 359.5938412999967, 359.5938412999967, 359.56953019998036, 359.56953019998036, 359.54671179992147, 359.54671179992147, 359.5262805998791, 359.5262805998791, 359.5112707999069, 359.5112707999069, 359.49536789988633, 359.49536789988633, 359.48117899987847, 359.48117899987847, 359.4562554998556, 359.4562554998556, 359.4327828998212, 359.4327828998212, 359.4115493998397, 359.4115493998397, 359.3977714998182, 359.3977714998182, 359.38290619989857, 359.38290619989857, 359.3690042998642, 359.3690042998642, 359.35421119991224, 359.35421119991224, 359.34031449991744, 359.34031449991744, 359.3245932998834, 359.3245932998834, 359.3080446998356, 359.3080446998356, 359.2878944998374, 359.2878944998374, 359.27394099975936, 359.27394099975936, 359.2503543997882, 359.2503543997882, 359.2348672997905, 359.2348672997905, 359.21974259987473, 359.21974259987473, 359.21700959978625], "rat_caught": [false, false, false, false, false, false, false, false, false, false, false, false, false, false, false, false, false, false, false, false, false, false, false, false, false, false, false, false, false, false, false, false, false, false, false, false, false, false, false, false, false, false, false, false, false, false, false, false, false, false, false, false, false, false, false, false, false, false, false, false, false, false, false, false, false, false, false, false, false, false, false, false, false, false, false, false, false, false, true, false], "left_behind": ["plain", "plain", "plain", "plain", "plain", "plain", "plain", "plain", "plain", "plain", "plain", "plain", "plain", "plain", "plain", "plain", "plain", "plain", "plain", "plain", "plain", "plain", "plain", "plain", "plain", "plain", "plain", "plain", "plain", "plain", "plain", "plain", "plain", "plain", "plain", "plain", "plain", "plain", "plain", "plain", "plain", "plain", "plain", "plain", "plain", "plain", "plain", "plain", "plain", "plain", "plain", "plain", "plain", "plain", "plain", "plain", "plain", "plain", "plain", "plain", "plain", "plain", "plain", "plain", "plain", "plain", "plain", "plain", "plain", "plain", "plain", "plain", "plain", "plain", "plain", "plain", "plain", "plain", "search", "prime"], "errlog_a": "Turn 40 | Best rat: (3, 0) @ 74.70%", "errlog_b": "Turn 40 | Best rat: (5, 7) @ 2.87%", "start_time": 360, "start_moves": 80, "turn_count": 80, "result": 0, "reason": "POINTS", "trapdoors": [[6, 3], [6, 2], [6, 2], [7, 2], [7, 2], [7, 3], [7, 4], [7, 5], [7, 5], [7, 6], [7, 7], [6, 7], [6, 7], [7, 7], [6, 7], [5, 7], [5, 7], [5, 7], [5, 7], [4, 7], [4, 7], [4, 7], [3, 7], [2, 7], [2, 7], [2, 7], [1, 7], [2, 7], [2, 7], [2, 7], [2, 7], [1, 7], [1, 7], [1, 7], [1, 7], [1, 7], [1, 7], [1, 7], [1, 7], [1, 7], [0, 7], [1, 7], [1, 7], [0, 7], [0, 7], [0, 7], [0, 7], [0, 6], [0, 6], [0, 6], [0, 6], [0, 5], [0, 5], [0, 5], [0, 5], [0, 4], [0, 4], [0, 3], [0, 3], [0, 3], [1, 3], [1, 3], [1, 3], [1, 2], [1, 2], [1, 1], [1, 0], [2, 0], [3, 0], [3, 0], [3, 0], [3, 1], [2, 1], [2, 1], [2, 1], [2, 0], [2, 0], [2, 0], [2, 0], [5, 7], [5, 7]], "spawn_a": [2, 4], "spawn_b": [5, 4]}