{"pos": [[2, 3], [5, 3], [2, 2], [5, 2], [2, 1], [5, 1], [2, 0], [5, 0], [2, 4], [5, 4], [2, 5], [5, 5], [2, 6], [5, 6], [2, 7], [5, 7], [3, 7], [5, 7], [3, 6], [5, 5], [3, 5], [4, 5]], "a_points": [1, 1, 2, 2, 3, 3, 4, 4, 10, 10, 10, 10, 11, 11, 12, 12, 13, 13, 14, 14, 15, 15], "b_points": [0, 1, 1, 2, 2, 3, 3, 4, 4, 10, 10, 10, 10, 11, 11, 12, 12, 10, 10, 12, 12, 12], "a_turns_left": [39, 39, 38, 38, 37, 37, 36, 36, 35, 35, 34, 34, 33, 33, 32, 32, 31, 31, 30, 30, 29, 29], "b_turns_left": [40, 39, 39, 38, 38, 37, 37, 36, 36, 35, 35, 34, 34, 33, 33, 32, 32, 31, 31, 30, 30, 29], "a_time_left": [359.99811200005934, 359.99811200005934, 359.9962914000498, 359.9962914000498, 359.995553500019, 359.995553500019, 359.9949549000012, 359.9949549000012, 359.9934309000382, 359.9934309000382, 359.9919027000433, 359.9919027000433, 359.99127020000014, 359.99127020000014, 359.99036589998286, 359.99036589998286, 359.9893054999411, 359.9893054999411, 359.988700299873, 359.988700299873, 359.9880742998794, 359.9880742998794], "b_time_left": [360, 359.9984816000797, 359.9984816000797, 359.9978057000553, 359.9978057000553, 359.9970731000649, 359.9970731000649, 359.9963533000555, 359.9963533000555, 359.99559790012427, 359.99559790012427, 359.994706000085, 359.994706000085, 359.99333850014955, 359.99333850014955, 359.99244070006534, 359.99244070006534, 359.9918307000771, 359.9918307000771, 359.991275700042, 359.991275700042, 359.99064169998746], "rat_caught": [false, false, false, false, false, false, false, false, false, false, false, false, false, false, false, false, false, false, false, false, false, false], "left_behind": ["prime", "prime", "prime", "prime", "prime", "prime", "prime", "prime", "carpet", "carpet", "plain", "plain", "prime", "prime", "prime", "prime", "prime", "search", "prime", "carpet", "prime", "plain"], "errlog_a": "Timeout", "errlog_b": "commentary failed", "start_time": 360, "start_moves": 80, "turn_count": 22, "result": 1, "reason": "CODE_CRASH", "trapdoors": [[0, 2], [1, 2], [1, 3], [1, 3], [1, 2], [1, 3], [1, 3], [1, 3], [2, 3], [3, 3], [3, 3], [3, 4], [2, 4], [2, 4], [2, 4], [2, 4], [2, 4], [1, 4], [0, 4], [0, 4], [0, 4], [0, 4], [0, 5], [1, 5]], "spawn_a": [2, 4], "spawn_b": [5, 4]}