{"pos": [[2, 4], [4, 3], [1, 4], [4, 4], [1, 3]], "a_points": [1, 1, 2, 2, 3], "b_points": [0, 1, 1, 2, 2], "a_turns_left": [39, 39, 38, 38, 37], "b_turns_left": [40, 39, 39, 38, 38], "a_time_left": [355.9630391000537, 355.9630391000537, 351.9365451000631, 351.9365451000631, 347.9132141000591], "b_time_left": [360, 355.97337250004057, 355.97337250004057, 351.9474832001142, 351.9474832001142], "rat_caught": [false, false, false, false, false], "left_behind": ["prime", "prime", "prime", "prime", "prime"], "errlog_a": "commentary failed", "errlog_b": "Timeout", "start_time": 360, "start_moves": 80, "turn_count": 5, "result": 0, "reason": "CODE_CRASH", "trapdoors": [[2, 6], [2, 5], [2, 5], [1, 5], [1, 5], [1, 5], [1, 5]], "spawn_a": [2, 3], "spawn_b": [5, 3]}