{"pos": [[3, 3], [4, 3], [3, 4], [4, 4], [2, 4], [4, 5], [2, 3], [3, 5], [2, 3], [3, 5], [2, 3], [3, 5], [2, 3], [3, 5], [2, 3], [3, 5], [2, 3]], "a_points": [1, 1, 2, 2, 3, 3, 4, 4, 2, 2, 0, 0, -2, -2, -4, -4, -6], "b_points": [0, 1, 1, 2, 2, 3, 3, 4, 4, 8, 8, 6, 6, 4, 4, 8, 8], "a_turns_left": [39, 39, 38, 38, 37, 37, 36, 36, 35, 35, 34, 34, 33, 33, 32, 32, 31], "b_turns_left": [40, 39, 39, 38, 38, 37, 37, 36, 36, 35, 35, 34, 34, 33, 33, 32, 32], "a_time_left": [357.964636299992, 357.964636299992, 355.93786420009565, 355.93786420009565, 353.90654350002296, 353.90654350002296, 351.8627472000662, 351.8627472000662, 349.829654000001, 349.829654000001, 347.7944254000904, 347.7944254000904, 345.7550028001424, 345.7550028001424, 343.7138541000895, 343.7138541000895, 341.683555399999], "b_time_left": [360, 357.96540580003057, 357.96540580003057, 355.93835389998276, 355.93835389998276, 353.8871441000374, 353.8871441000374, 351.8355784000596, 351.8355784000596, 349.7952305000508, 349.7952305000508, 347.74609030003194, 347.74609030003194, 345.6860319999978, 345.6860319999978, 343.6425323000876, 343.6425323000876], "rat_caught": [false, false, false, false, false, false, false, false, false, true, false, false, false, false, false, true, false], "left_behind": ["prime", "prime", "prime", "prime", "prime", "prime", "prime", "prime", "search", "search", "search", "search", "search", "search", "search", "search", "search"], "errlog_a": "commentary failed", "errlog_b": "Timeout", "start_time": 360, "start_moves": 80, "turn_count": 17, "result": 0, "reason": "CODE_CRASH", "trapdoors": [[3, 1], [3, 1], [3, 1], [3, 1], [3, 2], [3, 1], [3, 1], [3, 1], [3, 2], [3, 2], [1, 4], [2, 4], [2, 4], [3, 4], [3, 4], [3, 4], [1, 4], [1, 4], [1, 4]], "spawn_a": [3, 2], "spawn_b": [4, 2]}