{"pos": [[2, 3], [5, 3], [2, 4], [5, 4], [2, 2], [5, 2], [2, 1], [5, 3], [2, 0], [5, 2], [3, 0], [5, 3], [4, 0], [5, 2], [2, 0], [5, 3], [2, 1], [5, 2], [2, 0], [5, 3], [2, 1], [5, 2], [2, 0], [5, 3], [2, 1], [4, 3], [3, 1], [4, 2], [3, 2], [4, 1], [3, 3], [4, 3], [3, 3], [4, 2], [3, 1], [4, 1], [3, 2], [4, 0], [3, 3], [3, 0], [3, 4], [3, 1], [3, 4], [3, 2], [3, 4], [4, 2], [3, 5], [4, 0], [3, 3], [4, 1], [4, 3], [4, 2], [4, 4], [4, 3], [4, 5], [3, 3], [4, 6], [4, 3], [4, 4], [3, 3], [5, 4], [4, 3], [5, 5], [5, 3], [5, 4], [6, 3], [5, 5], [6, 2], [5, 6], [6, 3], [5, 5], [6, 4], [5, 6], [7, 4], [4, 6], [6, 4], [5, 6], [5, 4], [5, 5], [4, 4]], "a_points": [1, 1, 2, 2, 4, 4, 4, 4, 5, 5, 6, 6, 7, 7, 9, 9, 8, 8, 8, 8, 8, 8, 8, 8, 8, 8, 8, 8, 9, 9, 10, 10, 14, 14, 16, 16, 16, 16, 16, 16, 17, 17, 15, 15, 13, 13, 14, 14, 16, 16, 16, 16, 16, 16, 17, 17, 18, 18, 20, 20, 20, 20, 21, 21, 20, 20, 20, 20, 21, 21, 20, 20, 20, 20, 21, 21, 20, 20, 20, 20], "b_points": [0, 1, 1, 2, 2, 4, 4, 4, 4, 4, 4, 4, 4, 4, 4, 4, 4, 4, 4, 4, 4, 4, 4, 4, 4, 4, 4, 5, 5, 6, 6, 8, 8, 8, 8, 8, 8, 9, 9, 10, 10, 10, 10, 10, 10, 10, 10, 12, 12, 12, 12, 12, 12, 12, 12, 12, 12, 12, 12, 12, 12, 12, 12, 12, 12, 12, 12, 13, 13, 12, 12, 12, 12, 13, 13, 12, 12, 12, 12, 12], "a_turns_left": [39, 39, 38, 38, 37, 37, 36, 36, 35, 35, 34, 34, 33, 33, 32, 32, 31, 31, 30, 30, 29, 29, 28, 28, 27, 27, 26, 26, 25, 25, 24, 24, 23, 23, 22, 22, 21, 21, 20, 20, 19, 19, 18, 18, 17, 17, 16, 16, 15, 15, 14, 14, 13, 13, 12, 12, 11, 11, 10, 10, 9, 9, 8, 8, 7, 7, 6, 6, 5, 5, 4, 4, 3, 3, 2, 2, 1, 1, 0, 0], "b_turns_left": [40, 39, 39, 38, 38, 37, 37, 36, 36, 35, 35, 34, 34, 33, 33, 32, 32, 31, 31, 30, 30, 29, 29, 28, 28, 27, 27, 26, 26, 25, 25, 24, 24, 23, 23, 22, 22, 21, 21, 20, 20, 19, 19, 18, 18, 17, 17, 16, 16, 15, 15, 14, 14, 13, 13, 12, 12, 11, 11, 10, 10, 9, 9, 8, 8, 7, 7, 6, 6, 5, 5, 4, 4, 3, 3, 2, 2, 1, 1, 0], "a_time_left": [359.9993682000204, 359.9993682000204, 359.99887860001763, 359.99887860001763, 359.99859530001413, 359.99859530001413, 359.998160899966, 359.998160899966, 359.99780349998036, 359.99780349998036, 359.9973131000297, 359.9973131000297, 359.99700919998577, 359.99700919998577, 359.99656759994105, 359.99656759994105, 359.9962817999767, 359.9962817999767, 359.9958623999846, 359.9958623999846, 359.99548119993415, 359.99548119993415, 359.99521059991093, 359.99521059991093, 359.9843466999009, 359.9843466999009, 359.93271779990755, 359.93271779990755, 359.93229219992645, 359.93229219992645, 359.9319364998955, 359.9319364998955, 359.9315013999003, 359.9315013999003, 359.9312483998947, 359.9312483998947, 359.91364739992423, 359.91364739992423, 359.89029029995436, 359.89029029995436, 359.88984739995794, 359.88984739995794, 359.88959799997974, 359.88959799997974, 359.889171399991, 359.889171399991, 359.8887601000024, 359.8887601000024, 359.88837699999567, 359.88837699999567, 359.87523010000587, 359.87523010000587, 359.8622938999906, 359.8622938999906, 359.8619500999921, 359.8619500999921, 359.8616108999704, 359.8616108999704, 359.8612134999712, 359.8612134999712, 359.843803799944, 359.843803799944, 359.8434764999547, 359.8434764999547, 359.84314239997184, 359.84314239997184, 359.8082607999677, 359.8082607999677, 359.8078793999739, 359.8078793999739, 359.80755299993325, 359.80755299993325, 359.7844170999597, 359.7844170999597, 359.7839484999422, 359.7839484999422, 359.78334479994373, 359.78334479994373, 359.77615659992443, 359.77615659992443], "b_time_left": [360, 359.9994755000225, 359.9994755000225, 359.9990419999813, 359.9990419999813, 359.99873439996736, 359.99873439996736, 359.99830669997027, 359.99830669997027, 359.9978909000056, 359.9978909000056, 359.9973870999529, 359.9973870999529, 359.99695469992, 359.99695469992, 359.99653389991727, 359.99653389991727, 359.9962333998992, 359.9962333998992, 359.9958983999095, 359.9958983999095, 359.9956390999141, 359.9956390999141, 359.99533599987626, 359.99533599987626, 359.97143649990903, 359.97143649990903, 359.9710851999116, 359.9710851999116, 359.97064659988973, 359.97064659988973, 359.9703493998386, 359.9703493998386, 359.9352885998669, 359.9352885998669, 359.9180944998516, 359.9180944998516, 359.9177158998791, 359.9177158998791, 359.8823933998938, 359.8823933998938, 359.84764989989344, 359.84764989989344, 359.7962801998947, 359.7962801998947, 359.7374635998858, 359.7374635998858, 359.73699029989075, 359.73699029989075, 359.72553989989683, 359.72553989989683, 359.7141898999107, 359.7141898999107, 359.67956649989355, 359.67956649989355, 359.64487279986497, 359.64487279986497, 359.59906669985503, 359.59906669985503, 359.57829349988606, 359.57829349988606, 359.54425419989275, 359.54425419989275, 359.508019999892, 359.508019999892, 359.4917908998905, 359.4917908998905, 359.49150379985804, 359.49150379985804, 359.4911912998068, 359.4911912998068, 359.4706196998013, 359.4706196998013, 359.4702509997878, 359.4702509997878, 359.4698606997845, 359.4698606997845, 359.45861399982823, 359.45861399982823, 359.45716329984134], "rat_caught": [false, false, false, false, false, false, false, false, false, false, false, false, false, false, false, false, false, false, false, false, false, false, false, false, false, false, false, false, false, false, false, false, true, false, false, false, false, false, false, false, false, false, false, false, false, false, false, false, false, false, false, false, false, false, false, false, false, false, false, false, false, false, false, false, false, false, false, false, false, false, false, false, false, false, false, false, false, false, false, false], "left_behind": ["prime", "prime", "prime", "prime", "carpet", "carpet", "plain", "plain", "prime", "plain", "prime", "plain", "prime", "plain", "carpet", "plain", "carpet", "plain", "plain", "plain", "plain", "plain", "plain", "plain", "plain", "plain", "plain", "prime", "prime", "prime", "prime", "carpet", "search", "plain", "carpet", "plain", "plain", "prime", "plain", "prime", "prime", "plain", "search", "plain", "search", "plain", "prime", "carpet", "carpet", "plain", "plain", "plain", "plain", "plain", "prime", "plain", "prime", "plain", "carpet", "plain", "plain", "plain", "prime", "plain", "carpet", "plain", "plain", "prime", "prime", "carpet", "carpet", "plain", "plain", "prime", "prime", "carpet", "carpet", "plain", "plain", "plain"], "errlog_a": "Turns played: 40 | Searches made: 3 | Prime direction: RIGHT | Best rat belief: (6, 3) @ 64.21%", "errlog_b": "Turns played: 40 | Searches made: 0 | Prime direction: LEFT | Best rat belief: (6, 4) @ 61.62%", "start_time": 360, "start_moves": 80, "turn_count": 80, "result": 0, "reason": "POINTS", "trapdoors": [[2, 6], [1, 6], [1, 6], [1, 5], [0, 5], [0, 5], [1, 5], [1, 5], [0, 5], [0, 6], [0, 6], [0, 6], [0, 6], [0, 6], [0, 6], [0, 6], [0, 5], [0, 4], [0, 4], [0, 4], [0, 4], [0, 4], [0, 3], [0, 3], [0, 3], [0, 3], [0, 3], [0, 3], [0, 2], [1, 2], [1, 2], [1, 2], [1, 2], [5, 4], [5, 4], [5, 5], [5, 5], [5, 5], [5, 4], [5, 4], [5, 4], [4, 4], [4, 4], [4, 4], [3, 4], [3, 5], [3, 5], [3, 6], [3, 6], [3, 6], [4, 6], [5, 6], [5, 6], [5, 6], [4, 6], [4, 6], [4, 6], [4, 7], [5, 7], [5, 7], [5, 7], [5, 6], [5, 6], [5, 6], [5, 5], [6, 5], [6, 5], [6, 5], [6, 6], [6, 5], [6, 5], [6, 5], [6, 5], [6, 6], [6, 5], [6, 5], [6, 4], [6, 4], [6, 4], [6, 3], [5, 3]], "spawn_a": [2, 2], "spawn_b": [5, 2]}