{"pos": [[2, 3], [4, 4], [3, 3], [3, 4], [4, 3], [3, 5], [4, 3], [3, 5], [4, 3], [3, 5], [4, 3]], "a_points": [1, 1, 2, 2, 3, 3, 7, 7, 5, 5, 3], "b_points": [0, 1, 1, 2, 2, 3, 3, 1, 1, -1, -1], "a_turns_left": [39, 39, 38, 38, 37, 37, 36, 36, 35, 35, 34], "b_turns_left": [40, 39, 39, 38, 38, 37, 37, 36, 36, 35, 35], "a_time_left": [357.9244071999565, 357.9244071999565, 355.8687902998645, 355.8687902998645, 353.84077419992536, 353.84077419992536, 351.7904342999682, 351.7904342999682, 349.7579044000013, 349.7579044000013, 347.71134640008677], "b_time_left": [360, 357.9498767000623, 357.9498767000623, 355.8967067000922, 355.8967067000922, 353.86270890012383, 353.86270890012383, 351.80390220007394, 351.80390220007394, 349.74680260010064, 349.74680260010064], "rat_caught": [false, false, false, false, false, false, true, false, false, false, false], "left_behind": ["prime", "prime", "prime", "prime", "prime", "prime", "search", "search", "search", "search", "search"], "errlog_a": "commentary failed", "errlog_b": "Timeout", "start_time": 360, "start_moves": 80, "turn_count": 11, "result": 0, "reason": "CODE_CRASH", "trapdoors": [[6, 5], [6, 4], [6, 3], [6, 3], [6, 3], [6, 3], [6, 3], [1, 1], [2, 1], [2, 1], [1, 1], [1, 1], [1, 1]], "spawn_a": [2, 4], "spawn_b": [5, 4]}