{"pos": [[3, 3], [4, 3], [3, 2], [4, 2], [2, 2], [4, 4], [1, 2], [4, 5], [0, 2], [3, 5], [3, 2], [3, 3], [3, 1], [2, 3], [3, 0], [2, 4], [4, 0], [2, 5], [4, 1], [2, 6], [4, 2], [2, 7], [4, 3], [2, 3], [4, 0], [1, 3], [4, 1], [1, 4], [4, 2], [1, 5], [3, 2], [1, 3], [3, 0], [0, 3], [3, 1], [0, 4], [3, 2], [0, 5], [4, 2], [0, 3], [5, 2], [0, 2], [5, 3], [0, 3], [5, 4], [0, 4], [5, 5], [0, 5], [5, 2], [1, 5], [6, 2], [2, 5], [6, 3], [0, 5], [6, 4], [1, 5], [6, 5], [2, 5], [6, 2], [3, 5], [7, 2], [2, 5], [7, 3], [4, 5], [7, 4], [4, 6], [7, 5], [4, 7], [7, 2], [3, 7], [7, 3], [2, 7], [7, 4], [4, 7], [7, 5], [3, 7], [6, 5], [3, 6], [5, 5], [2, 6]], "a_points": [1, 1, 2, 2, 3, 3, 4, 4, 5, 5, 9, 9, 9, 9, 10, 10, 11, 11, 12, 12, 13, 13, 14, 14, 18, 18, 18, 18, 18, 18, 18, 18, 20, 20, 20, 20, 20, 20, 20, 20, 20, 20, 21, 21, 22, 22, 23, 23, 27, 27, 27, 27, 28, 28, 29, 29, 30, 30, 34, 34, 34, 34, 35, 35, 36, 36, 37, 37, 41, 41, 41, 41, 41, 41, 41, 41, 42, 42, 43, 43], "b_points": [0, 1, 1, 2, 2, 4, 4, 4, 4, 5, 5, 7, 7, 7, 7, 8, 8, 9, 9, 10, 10, 11, 11, 17, 17, 17, 17, 18, 18, 19, 19, 21, 21, 21, 21, 22, 22, 23, 23, 25, 25, 25, 25, 26, 26, 26, 26, 26, 26, 27, 27, 28, 28, 30, 30, 30, 30, 30, 30, 30, 30, 31, 31, 33, 33, 33, 33, 34, 34, 35, 35, 36, 36, 38, 38, 38, 38, 38, 38, 39], "a_turns_left": [39, 39, 38, 38, 37, 37, 36, 36, 35, 35, 34, 34, 33, 33, 32, 32, 31, 31, 30, 30, 29, 29, 28, 28, 27, 27, 26, 26, 25, 25, 24, 24, 23, 23, 22, 22, 21, 21, 20, 20, 19, 19, 18, 18, 17, 17, 16, 16, 15, 15, 14, 14, 13, 13, 12, 12, 11, 11, 10, 10, 9, 9, 8, 8, 7, 7, 6, 6, 5, 5, 4, 4, 3, 3, 2, 2, 1, 1, 0, 0], "b_turns_left": [40, 39, 39, 38, 38, 37, 37, 36, 36, 35, 35, 34, 34, 33, 33, 32, 32, 31, 31, 30, 30, 29, 29, 28, 28, 27, 27, 26, 26, 25, 25, 24, 24, 23, 23, 22, 22, 21, 21, 20, 20, 19, 19, 18, 18, 17, 17, 16, 16, 15, 15, 14, 14, 13, 13, 12, 12, 11, 11, 10, 10, 9, 9, 8, 8, 7, 7, 6, 6, 5, 5, 4, 4, 3, 3, 2, 2, 1, 1, 0], "a_time_left": [355.976162499981, 355.976162499981, 351.95773100003134, 351.95773100003134, 347.9409574000165, 347.9409574000165, 343.9315834000008, 343.9315834000008, 339.9129635000136, 339.9129635000136, 335.90332029992715, 335.90332029992715, 331.8956949998392, 331.8956949998392, 327.87425859982613, 327.87425859982613, 323.86401899985503, 323.86401899985503, 319.8535784998676, 319.8535784998676, 315.84455289982725, 315.84455289982725, 311.83611949987244, 311.83611949987244, 307.82798869989347, 307.82798869989347, 303.82190939981956, 303.82190939981956, 299.8135736997938, 299.8135736997938, 295.80244669981766, 295.80244669981766, 291.79316679982, 291.79316679982, 287.7866117998492, 287.7866117998492, 283.7784766998375, 283.7784766998375, 279.769410599838, 279.769410599838, 275.75991679984145, 275.75991679984145, 271.75077779986896, 271.75077779986896, 267.7393497999292, 267.7393497999292, 263.7299206999596, 263.7299206999596, 259.7193421999691, 259.7193421999691, 255.71202889992855, 255.71202889992855, 251.69824909989256, 251.69824909989256, 247.68818499997724, 247.68818499997724, 243.67527519993018, 243.67527519993018, 239.66550399991684, 239.66550399991684, 235.6546314000152, 235.6546314000152, 231.64544450002722, 231.64544450002722, 227.63329000002705, 227.63329000002705, 223.61814130004495, 223.61814130004495, 219.60978139995132, 219.60978139995132, 215.60210259992164, 215.60210259992164, 211.5945884999819, 211.5945884999819, 207.5906053999206, 207.5906053999206, 203.58398919994943, 203.58398919994943, 199.57026119995862, 199.57026119995862], "b_time_left": [360, 355.97571999998763, 355.97571999998763, 351.9587265999289, 351.9587265999289, 347.9448167999508, 347.9448167999508, 343.9338923000032, 343.9338923000032, 339.9150911999168, 339.9150911999168, 335.9014107999392, 335.9014107999392, 331.88819730002433, 331.88819730002433, 327.8733027999988, 327.8733027999988, 323.8624434999656, 323.8624434999656, 319.8473192999372, 319.8473192999372, 315.82852949993685, 315.82852949993685, 311.82156019995455, 311.82156019995455, 307.81596679997165, 307.81596679997165, 303.8034695000388, 303.8034695000388, 299.7902530001011, 299.7902530001011, 295.7778830002062, 295.7778830002062, 291.7724720002152, 291.7724720002152, 287.76423890015576, 287.76423890015576, 283.75270210020244, 283.75270210020244, 279.7459781001089, 279.7459781001089, 275.73844910005573, 275.73844910005573, 271.7269509000471, 271.7269509000471, 267.7133784000762, 267.7133784000762, 263.7060553000774, 263.7060553000774, 259.7008521001553, 259.7008521001553, 255.69049650011584, 255.69049650011584, 251.68304320017342, 251.68304320017342, 247.67423810018227, 247.67423810018227, 243.66358640010003, 243.66358640010003, 239.65406160010025, 239.65406160010025, 235.6390688001411, 235.6390688001411, 231.6263925001258, 231.6263925001258, 227.61615710018668, 227.61615710018668, 223.60671340022236, 223.60671340022236, 219.60234460025094, 219.60234460025094, 215.58947490015998, 215.58947490015998, 211.585155700217, 211.585155700217, 207.57830710022245, 207.57830710022245, 203.56876560021192, 203.56876560021192, 199.5643872001674], "rat_caught": [false, false, false, false, false, false, false, false, false, false, false, false, false, false, false, false, false, false, false, false, false, false, false, false, false, false, false, false, false, false, false, false, false, false, false, false, false, false, false, false, false, false, false, false, false, false, false, false, false, false, false, false, false, false, false, false, false, false, false, false, false, false, false, false, false, false, false, false, false, false, false, false, false, false, false, false, false, false, false, false], "left_behind": ["prime", "prime", "prime", "prime", "prime", "carpet", "prime", "plain", "prime", "prime", "carpet", "carpet", "plain", "plain", "prime", "prime", "prime", "prime", "prime", "prime", "prime", "prime", "prime", "carpet", "carpet", "plain", "plain", "prime", "plain", "prime", "plain", "carpet", "carpet", "plain", "plain", "prime", "plain", "prime", "plain", "carpet", "plain", "plain", "prime", "prime", "prime", "plain", "prime", "plain", "carpet", "prime", "plain", "prime", "prime", "carpet", "prime", "plain", "prime", "plain", "carpet", "plain", "plain", "prime", "prime", "carpet", "prime", "plain", "prime", "prime", "carpet", "prime", "plain", "prime", "plain", "carpet", "plain", "plain", "prime", "plain", "prime", "prime"], "errlog_a": "Turn 40 | Best rat: (6, 6) @ 38.15%", "errlog_b": "Turn 40 | Best rat: (7, 6) @ 46.20%", "start_time": 360, "start_moves": 80, "turn_count": 80, "result": 0, "reason": "POINTS", "trapdoors": [[4, 5], [5, 5], [5, 6], [6, 6], [7, 6], [7, 6], [7, 6], [7, 6], [7, 6], [6, 6], [6, 5], [6, 5], [6, 5], [5, 5], [5, 5], [4, 5], [4, 5], [4, 5], [4, 5], [4, 6], [4, 7], [5, 7], [5, 6], [5, 7], [6, 7], [7, 7], [7, 6], [7, 7], [7, 7], [7, 6], [7, 5], [7, 4], [7, 4], [6, 4], [6, 4], [6, 4], [6, 4], [5, 4], [5, 4], [5, 4], [5, 4], [5, 4], [4, 4], [4, 4], [4, 4], [4, 4], [4, 4], [4, 4], [5, 4], [5, 4], [5, 4], [5, 4], [4, 4], [4, 4], [3, 4], [3, 4], [3, 4], [3, 4], [3, 4], [3, 4], [3, 4], [3, 4], [3, 5], [3, 6], [3, 6], [4, 6], [4, 7], [4, 6], [3, 6], [3, 6], [4, 6], [4, 6], [5, 6], [6, 6], [6, 6], [6, 6], [6, 6], [6, 6], [6, 6], [6, 6], [6, 7]], "spawn_a": [3, 4], "spawn_b": [4, 4]}