{"pos": [[2, 4], [5, 4], [2, 3], [5, 3], [2, 2], [5, 3]], "a_points": [1, 1, 2, 2, 3, 3], "b_points": [0, 1, 1, 2, 2, 6], "a_turns_left": [39, 39, 38, 38, 37, 37], "b_turns_left": [40, 39, 39, 38, 38, 37], "a_time_left": [355.97511460003443, 355.97511460003443, 351.9474912000587, 351.9474912000587, 347.91997460008133, 347.91997460008133], "b_time_left": [360, 355.9789935000008, 355.9789935000008, 351.9508547000587, 351.9508547000587, 347.92333530006], "rat_caught": [false, false, false, false, false, true], "left_behind": ["prime", "prime", "prime", "prime", "prime", "search"], "errlog_a": "Timeout", "errlog_b": "commentary failed", "start_time": 360, "start_moves": 80, "turn_count": 6, "result": 1, "reason": "CODE_CRASH", "trapdoors": [[6, 1], [5, 1], [5, 1], [5, 1], [5, 1], [4, 1], [3, 3], [3, 3]], "spawn_a": [2, 5], "spawn_b": [5, 5]}