{"pos": [[2, 4], [4, 3], [2, 5], [3, 3], [3, 5]], "a_points": [1, 1, 2, 2, 3], "b_points": [0, 1, 1, 2, 2], "a_turns_left": [39, 39, 38, 38, 37], "b_turns_left": [40, 39, 39, 38, 38], "a_time_left": [355.9757824999979, 355.9757824999979, 351.9528401000425, 351.9528401000425, 347.9317294000648], "b_time_left": [360, 355.97767260007095, 355.97767260007095, 351.95554370013997, 351.95554370013997], "rat_caught": [false, false, false, false, false], "left_behind": ["prime", "prime", "prime", "prime", "prime"], "errlog_a": "commentary failed", "errlog_b": "Timeout", "start_time": 360, "start_moves": 80, "turn_count": 5, "result": 0, "reason": "CODE_CRASH", "trapdoors": [[4, 6], [5, 6], [5, 5], [5, 5], [5, 5], [5, 4], [6, 4]], "spawn_a": [2, 3], "spawn_b": [5, 3]}