{"pos": [[2, 4], [5, 4], [2, 5], [5, 5], [2, 6], [5, 6], [2, 7], [5, 7], [2, 3], [5, 3], [2, 3], [5, 2], [2, 3], [4, 2], [2, 3], [4, 3], [2, 3], [4, 4], [2, 3], [4, 5], [2, 3], [4, 6], [2, 3], [4, 7], [2, 3], [4, 2], [2, 3], [4, 2], [1, 3], [4, 2], [1, 4], [4, 2], [1, 4], [4, 2], [1, 4], [4, 2], [1, 4], [4, 2], [0, 4], [4, 2], [0, 3], [4, 2], [0, 3], [4, 1], [0, 4], [3, 1], [1, 4], [3, 2], [1, 4], [3, 3], [1, 4], [3, 4], [1, 4], [3, 5], [1, 4], [3, 6], [1, 4], [3, 7], [0, 4], [3, 1], [0, 4], [3, 0], [1, 4], [3, 1], [1, 4], [3, 2], [0, 4], [3, 2], [0, 4], [3, 1], [0, 4], [3, 0], [0, 4], [3, 0], [0, 4], [3, 0], [0, 4], [3, 0], [0, 4], [3, 0]], "a_points": [1, 1, 2, 2, 3, 3, 4, 4, 10, 10, 14, 14, 12, 12, 10, 10, 8, 8, 6, 6, 10, 10, 8, 8, 6, 6, 4, 4, 4, 4, 5, 5, 3, 3, 1, 1, -1, -1, 0, 0, 1, 1, 5, 5, 4, 4, 3, 3, 1, 1, -1, -1, 3, 3, 1, 1, -1, -1, -1, -1, 3, 3, 3, 3, 7, 7, 7, 7, 5, 5, 9, 9, 7, 7, 5, 5, 3, 3, 1, 1], "b_points": [0, 1, 1, 2, 2, 3, 3, 4, 4, 10, 10, 10, 10, 11, 11, 12, 12, 13, 13, 14, 14, 15, 15, 16, 16, 26, 26, 30, 30, 28, 28, 26, 26, 24, 24, 22, 22, 20, 20, 18, 18, 16, 16, 16, 16, 17, 17, 18, 18, 19, 19, 20, 20, 21, 21, 22, 22, 23, 23, 38, 38, 38, 38, 39, 39, 39, 39, 37, 37, 37, 37, 36, 36, 34, 34, 32, 32, 30, 30, 28], "a_turns_left": [39, 39, 38, 38, 37, 37, 36, 36, 35, 35, 34, 34, 33, 33, 32, 32, 31, 31, 30, 30, 29, 29, 28, 28, 27, 27, 26, 26, 25, 25, 24, 24, 23, 23, 22, 22, 21, 21, 20, 20, 19, 19, 18, 18, 17, 17, 16, 16, 15, 15, 14, 14, 13, 13, 12, 12, 11, 11, 10, 10, 9, 9, 8, 8, 7, 7, 6, 6, 5, 5, 4, 4, 3, 3, 2, 2, 1, 1, 0, 0], "b_turns_left": [40, 39, 39, 38, 38, 37, 37, 36, 36, 35, 35, 34, 34, 33, 33, 32, 32, 31, 31, 30, 30, 29, 29, 28, 28, 27, 27, 26, 26, 25, 25, 24, 24, 23, 23, 22, 22, 21, 21, 20, 20, 19, 19, 18, 18, 17, 17, 16, 16, 15, 15, 14, 14, 13, 13, 12, 12, 11, 11, 10, 10, 9, 9, 8, 8, 7, 7, 6, 6, 5, 5, 4, 4, 3, 3, 2, 2, 1, 1, 0], "a_time_left": [359.99770519998856, 359.99770519998856, 359.9969775999198, 359.9969775999198, 359.9959438998485, 359.9959438998485, 359.99543899984565, 359.99543899984565, 359.99498749978375, 359.99498749978375, 359.9944532997906, 359.9944532997906, 359.99408999981824, 359.99408999981824, 359.99367939983495, 359.99367939983495, 359.9931053997716, 359.9931053997716, 359.9926489996724, 359.9926489996724, 359.9922316997545, 359.9922316997545, 359.99171279976144, 359.99171279976144, 359.99110789969563, 359.99110789969563, 359.99062349973246, 359.99062349973246, 359.98745199968107, 359.98745199968107, 359.98685649968684, 359.98685649968684, 359.9862389997579, 359.9862389997579, 359.9856496996945, 359.9856496996945, 359.9851833996363, 359.9851833996363, 359.98470619961154, 359.98470619961154, 359.9843023995636, 359.9843023995636, 359.98389759950805, 359.98389759950805, 359.98351439950056, 359.98351439950056, 359.98299979954027, 359.98299979954027, 359.9820516995387, 359.9820516995387, 359.98145159950946, 359.98145159950946, 359.98063449945766, 359.98063449945766, 359.98019859939814, 359.98019859939814, 359.97981179936323, 359.97981179936323, 359.97930719936267, 359.97930719936267, 359.97892919927835, 359.97892919927835, 359.97859129926655, 359.97859129926655, 359.9781006992562, 359.9781006992562, 359.97775379929226, 359.97775379929226, 359.97743429930415, 359.97743429930415, 359.9770900992444, 359.9770900992444, 359.97668259916827, 359.97668259916827, 359.9763199992012, 359.9763199992012, 359.97591429925524, 359.97591429925524, 359.9753772992408, 359.9753772992408], "b_time_left": [360, 359.9981296999613, 359.9981296999613, 359.99724079994485, 359.99724079994485, 359.99631740001496, 359.99631740001496, 359.9958270000061, 359.9958270000061, 359.99509650003165, 359.99509650003165, 359.99230639997404, 359.99230639997404, 359.99181709997356, 359.99181709997356, 359.9912898999173, 359.9912898999173, 359.9907362998929, 359.9907362998929, 359.9898674999131, 359.9898674999131, 359.98758799990173, 359.98758799990173, 359.9851653999649, 359.9851653999649, 359.984647699981, 359.984647699981, 359.9841063999338, 359.9841063999338, 359.9835973000154, 359.9835973000154, 359.9831775999628, 359.9831775999628, 359.9827593000373, 359.9827593000373, 359.9820716000395, 359.9820716000395, 359.98168179998174, 359.98168179998174, 359.9805987, 359.9805987, 359.98020029999316, 359.98020029999316, 359.9771288000047, 359.9771288000047, 359.9763760000933, 359.9763760000933, 359.97566930006724, 359.97566930006724, 359.9747400000924, 359.9747400000924, 359.9737435000716, 359.9737435000716, 359.97114360006526, 359.97114360006526, 359.9706209000433, 359.9706209000433, 359.97004660009407, 359.97004660009407, 359.9695294999983, 359.9695294999983, 359.96659389999695, 359.96659389999695, 359.9660093000857, 359.9660093000857, 359.96326830016915, 359.96326830016915, 359.962819000124, 359.962819000124, 359.9624407001538, 359.9624407001538, 359.959867500118, 359.959867500118, 359.9594009000575, 359.9594009000575, 359.95894619997125, 359.95894619997125, 359.958421700052, 359.958421700052, 359.95777960005216], "rat_caught": [false, false, false, false, false, false, false, false, false, false, true, false, false, false, false, false, false, false, false, false, true, false, false, false, false, false, false, true, false, false, false, false, false, false, false, false, false, false, false, false, false, false, true, false, false, false, false, false, false, false, false, false, true, false, false, false, false, false, false, false, true, false, false, false, true, false, false, false, false, false, true, false, false, false, false, false, false, false, false, false], "left_behind": ["prime", "prime", "prime", "prime", "prime", "prime", "prime", "prime", "carpet", "carpet", "search", "plain", "search", "prime", "search", "prime", "search", "prime", "search", "prime", "search", "prime", "search", "prime", "search", "carpet", "search", "search", "plain", "search", "prime", "search", "search", "search", "search", "search", "search", "search", "prime", "search", "prime", "search", "search", "plain", "carpet", "prime", "carpet", "prime", "search", "prime", "search", "prime", "search", "prime", "search", "prime", "search", "prime", "plain", "carpet", "search", "plain", "plain", "prime", "search", "plain", "plain", "search", "search", "plain", "search", "carpet", "search", "search", "search", "search", "search", "search", "search", "search"], "errlog_a": "commentary failed", "errlog_b": "commentary failed", "start_time": 360, "start_moves": 80, "turn_count": 80, "result": 1, "reason": "POINTS", "trapdoors": [[5, 3], [5, 2], [5, 2], [4, 2], [4, 2], [4, 2], [5, 2], [5, 2], [5, 2], [5, 2], [5, 2], [5, 3], [6, 3], [6, 2], [6, 2], [6, 1], [6, 0], [6, 0], [6, 0], [6, 0], [6, 0], [3, 7], [3, 7], [4, 7], [4, 7], [4, 7], [5, 7], [5, 6], [5, 2], [5, 1], [5, 1], [4, 1], [3, 1], [3, 1], [2, 1], [2, 2], [2, 2], [2, 2], [2, 2], [2, 2], [2, 2], [2, 2], [2, 3], [3, 6], [4, 6], [4, 6], [4, 6], [4, 6], [4, 6], [4, 6], [4, 6], [5, 6], [5, 5], [4, 6], [4, 6], [4, 6], [4, 6], [5, 6], [5, 7], [5, 7], [5, 7], [1, 1], [1, 2], [1, 3], [1, 4], [4, 7], [4, 7], [4, 7], [4, 7], [4, 6], [5, 6], [3, 2], [2, 2], [2, 1], [2, 1], [2, 2], [2, 3], [2, 3], [2, 3], [2, 3], [3, 3]], "spawn_a": [2, 3], "spawn_b": [5, 3]}