{"pos": [[3, 3], [5, 4], [3, 2], [5, 5], [2, 2], [5, 6], [2, 3], [4, 6], [3, 3], [5, 6], [3, 4], [5, 6], [3, 4], [5, 6], [3, 4], [5, 6]], "a_points": [1, 1, 2, 2, 3, 3, 4, 4, 3, 3, 2, 2, 6, 6, 4, 4], "b_points": [0, 1, 1, 2, 2, 3, 3, 4, 4, 3, 3, 1, 1, -1, -1, 3], "a_turns_left": [39, 39, 38, 38, 37, 37, 36, 36, 35, 35, 34, 34, 33, 33, 32, 32], "b_turns_left": [40, 39, 39, 38, 38, 37, 37, 36, 36, 35, 35, 34, 34, 33, 33, 32], "a_time_left": [355.96454250009265, 355.96454250009265, 351.9120799000375, 351.9120799000375, 347.8601805999642, 347.8601805999642, 343.8415575999534, 343.8415575999534, 339.80656549998093, 339.80656549998093, 335.7910706999246, 335.7910706999246, 331.7771614998346, 331.7771614998346, 327.7650461999001, 327.7650461999001], "b_time_left": [360, 355.9635803999845, 355.9635803999845, 351.92000169993844, 351.92000169993844, 347.8862982999999, 347.8862982999999, 343.8586201000726, 343.8586201000726, 339.83080890006386, 339.83080890006386, 335.81625710008666, 335.81625710008666, 331.796748700086, 331.796748700086, 327.7774211000651], "rat_caught": [false, false, false, false, false, false, false, false, false, false, false, false, true, false, false, true], "left_behind": ["prime", "prime", "prime", "prime", "prime", "prime", "prime", "prime", "carpet", "carpet", "carpet", "search", "search", "search", "search", "search"], "errlog_a": "Timeout", "errlog_b": "commentary failed", "start_time": 360, "start_moves": 80, "turn_count": 16, "result": 1, "reason": "CODE_CRASH", "trapdoors": [[2, 2], [2, 2], [2, 2], [2, 2], [3, 2], [3, 2], [3, 2], [3, 2], [3, 2], [3, 2], [3, 2], [3, 1], [3, 1], [1, 3], [1, 3], [1, 3], [7, 1], [7, 1]], "spawn_a": [3, 4], "spawn_b": [4, 4]}