{"pos": [[2, 2], [6, 3], [2, 1], [7, 3], [2, 0], [7, 4], [3, 0], [7, 5]], "a_points": [1, 1, 2, 2, 3, 3, 4, 4], "b_points": [0, 1, 1, 2, 2, 3, 3, 4], "a_turns_left": [39, 39, 38, 38, 37, 37, 36, 36], "b_turns_left": [40, 39, 39, 38, 38, 37, 37, 36], "a_time_left": [355.96578980004415, 355.96578980004415, 351.95099640008993, 351.95099640008993, 347.9409036000725, 347.9409036000725, 343.93064960010815, 343.93064960010815], "b_time_left": [360, 355.9880509999348, 355.9880509999348, 351.97229599999264, 351.97229599999264, 347.96413680003025, 347.96413680003025, 343.9508751000976], "rat_caught": [false, false, false, false, false, false, false, false], "left_behind": ["prime", "prime", "prime", "prime", "prime", "prime", "prime", "prime"], "errlog_a": "Timeout", "errlog_b": "commentary failed", "start_time": 360, "start_moves": 80, "turn_count": 8, "result": 1, "reason": "CODE_CRASH", "trapdoors": [[6, 2], [5, 2], [5, 3], [5, 3], [5, 3], [5, 3], [5, 4], [5, 4], [5, 5], [5, 5]], "spawn_a": [2, 3], "spawn_b": [5, 3]}