{"pos": [[2, 2], [5, 4], [3, 2], [4, 4], [4, 2], [3, 4], [5, 2], [2, 4], [6, 2], [1, 4], [7, 2], [0, 4], [2, 2], [5, 4], [2, 1], [5, 5], [3, 1], [4, 5], [4, 1], [3, 5], [5, 1], [2, 5], [2, 1], [1, 5], [2, 0], [0, 5], [3, 0], [5, 5], [4, 0], [5, 6], [5, 0], [4, 6], [2, 0], [3, 6], [2, 1], [5, 6], [2, 2], [5, 7], [1, 2], [4, 7], [1, 2], [3, 7], [1, 2], [5, 7], [1, 2], [4, 7], [1, 3], [3, 7], [0, 3], [3, 7], [0, 4], [3, 6], [0, 5], [3, 5], [0, 3], [3, 4], [0, 2], [3, 3], [0, 2], [4, 3], [0, 2], [1, 3], [0, 2], [0, 3], [0, 2], [0, 4], [0, 2], [0, 5], [0, 3], [0, 5], [0, 4], [1, 5], [0, 3], [1, 4], [1, 3], [2, 4], [2, 3], [3, 4], [3, 3], [4, 4]], "a_points": [1, 1, 2, 2, 3, 3, 4, 4, 5, 5, 6, 6, 16, 16, 16, 16, 17, 17, 18, 18, 19, 19, 23, 23, 23, 23, 24, 24, 25, 25, 26, 26, 30, 30, 30, 30, 30, 30, 30, 30, 28, 28, 26, 26, 30, 30, 31, 31, 32, 32, 33, 33, 34, 34, 36, 36, 36, 36, 40, 40, 38, 38, 36, 36, 34, 34, 32, 32, 33, 33, 33, 33, 33, 33, 33, 33, 33, 33, 33, 33], "b_points": [0, 1, 1, 2, 2, 3, 3, 4, 4, 5, 5, 6, 6, 16, 16, 16, 16, 17, 17, 18, 18, 19, 19, 20, 20, 21, 21, 31, 31, 31, 31, 32, 32, 33, 33, 35, 35, 35, 35, 36, 36, 37, 37, 39, 39, 39, 39, 39, 39, 43, 43, 44, 44, 45, 45, 45, 45, 45, 45, 46, 46, 50, 50, 50, 50, 50, 50, 50, 50, 54, 54, 55, 55, 55, 55, 55, 55, 55, 55, 55], "a_turns_left": [39, 39, 38, 38, 37, 37, 36, 36, 35, 35, 34, 34, 33, 33, 32, 32, 31, 31, 30, 30, 29, 29, 28, 28, 27, 27, 26, 26, 25, 25, 24, 24, 23, 23, 22, 22, 21, 21, 20, 20, 19, 19, 18, 18, 17, 17, 16, 16, 15, 15, 14, 14, 13, 13, 12, 12, 11, 11, 10, 10, 9, 9, 8, 8, 7, 7, 6, 6, 5, 5, 4, 4, 3, 3, 2, 2, 1, 1, 0, 0], "b_turns_left": [40, 39, 39, 38, 38, 37, 37, 36, 36, 35, 35, 34, 34, 33, 33, 32, 32, 31, 31, 30, 30, 29, 29, 28, 28, 27, 27, 26, 26, 25, 25, 24, 24, 23, 23, 22, 22, 21, 21, 20, 20, 19, 19, 18, 18, 17, 17, 16, 16, 15, 15, 14, 14, 13, 13, 12, 12, 11, 11, 10, 10, 9, 9, 8, 8, 7, 7, 6, 6, 5, 5, 4, 4, 3, 3, 2, 2, 1, 1, 0], "a_time_left": [359.9987221999327, 359.9987221999327, 359.9979045998771, 359.9979045998771, 359.99689199996646, 359.99689199996646, 359.99605509999674, 359.99605509999674, 359.99506930005737, 359.99506930005737, 359.9942594000604, 359.9942594000604, 359.9933505000081, 359.9933505000081, 359.9927304999437, 359.9927304999437, 359.9920169999823, 359.9920169999823, 359.99148229998536, 359.99148229998536, 359.9907761999639, 359.9907761999639, 359.99008909997065, 359.99008909997065, 359.9894828000106, 359.9894828000106, 359.9888021000661, 359.9888021000661, 359.98743009998, 359.98743009998, 359.98692229995504, 359.98692229995504, 359.98625560000073, 359.98625560000073, 359.9857209000038, 359.9857209000038, 359.98503750003874, 359.98503750003874, 359.98456040013116, 359.98456040013116, 359.983886100119, 359.983886100119, 359.9833107001614, 359.9833107001614, 359.9828054002719, 359.9828054002719, 359.98224360030144, 359.98224360030144, 359.981523400289, 359.981523400289, 359.97927550028544, 359.97927550028544, 359.97861860028934, 359.97861860028934, 359.97810470021795, 359.97810470021795, 359.9776246001711, 359.9776246001711, 359.9771061001811, 359.9771061001811, 359.97667710029054, 359.97667710029054, 359.9762320002774, 359.9762320002774, 359.9759073002497, 359.9759073002497, 359.9754526002798, 359.9754526002798, 359.97497590025887, 359.97497590025887, 359.97246730024926, 359.97246730024926, 359.97177550022025, 359.97177550022025, 359.9712452002568, 359.9712452002568, 359.97073310031556, 359.97073310031556, 359.97007080039475, 359.97007080039475], "b_time_left": [360, 359.99834219994955, 359.99834219994955, 359.99714559991844, 359.99714559991844, 359.9959224999184, 359.9959224999184, 359.9950008998858, 359.9950008998858, 359.99426459986717, 359.99426459986717, 359.99335649993736, 359.99335649993736, 359.9926551999524, 359.9926551999524, 359.99211210000794, 359.99211210000794, 359.9897541999817, 359.9897541999817, 359.9891116999788, 359.9891116999788, 359.9882664999459, 359.9882664999459, 359.98746449989267, 359.98746449989267, 359.98649379995186, 359.98649379995186, 359.9856121998746, 359.9856121998746, 359.9849392998731, 359.9849392998731, 359.98439709981903, 359.98439709981903, 359.98363379982766, 359.98363379982766, 359.98313159984536, 359.98313159984536, 359.9826696998207, 359.9826696998207, 359.9822157997405, 359.9822157997405, 359.9813816996757, 359.9813816996757, 359.98084109963384, 359.98084109963384, 359.9794267996913, 359.9794267996913, 359.9788834997453, 359.9788834997453, 359.97838159976527, 359.97838159976527, 359.97779249981977, 359.97779249981977, 359.97729089972563, 359.97729089972563, 359.9766925997101, 359.9766925997101, 359.97616329975426, 359.97616329975426, 359.97217329975683, 359.97217329975683, 359.97162269975524, 359.97162269975524, 359.97104679979384, 359.97104679979384, 359.9705852997722, 359.9705852997722, 359.97003769979347, 359.97003769979347, 359.96956429979764, 359.96956429979764, 359.9691915997537, 359.9691915997537, 359.9685382996686, 359.9685382996686, 359.96795369964093, 359.96795369964093, 359.96742119966075, 359.96742119966075, 359.9669074997073], "rat_caught": [false, false, false, false, false, false, false, false, false, false, false, false, false, false, false, false, false, false, false, false, false, false, false, false, false, false, false, false, false, false, false, false, false, false, false, false, false, false, false, false, false, false, false, false, true, false, false, false, false, true, false, false, false, false, false, false, false, false, true, false, false, false, false, false, false, false, false, false, false, true, false, false, false, false, false, false, false, false, false, false], "left_behind": ["prime", "prime", "prime", "prime", "prime", "prime", "prime", "prime", "prime", "prime", "prime", "prime", "carpet", "carpet", "plain", "plain", "prime", "prime", "prime", "prime", "prime", "prime", "carpet", "prime", "plain", "prime", "prime", "carpet", "prime", "plain", "prime", "prime", "carpet", "prime", "plain", "carpet", "plain", "plain", "plain", "prime", "search", "prime", "search", "carpet", "search", "plain", "prime", "plain", "prime", "search", "prime", "prime", "prime", "prime", "carpet", "plain", "plain", "plain", "search", "prime", "search", "carpet", "search", "plain", "search", "plain", "search", "plain", "prime", "search", "plain", "prime", "plain", "plain", "plain", "plain", "plain", "plain", "plain", "plain"], "errlog_a": "commentary failed", "errlog_b": "commentary failed", "start_time": 360, "start_moves": 80, "turn_count": 80, "result": 1, "reason": "POINTS", "trapdoors": [[7, 7], [7, 7], [7, 7], [6, 7], [6, 7], [7, 7], [7, 7], [7, 7], [7, 7], [7, 6], [7, 5], [7, 4], [6, 4], [6, 4], [6, 4], [5, 4], [4, 4], [4, 4], [4, 5], [4, 5], [4, 4], [4, 4], [4, 5], [4, 5], [4, 5], [4, 5], [4, 5], [4, 5], [4, 5], [4, 5], [4, 5], [4, 4], [4, 4], [4, 4], [4, 5], [4, 5], [4, 6], [4, 6], [4, 6], [4, 6], [4, 6], [3, 6], [3, 7], [2, 7], [2, 7], [4, 7], [4, 7], [4, 7], [5, 7], [5, 7], [2, 0], [2, 0], [3, 0], [3, 0], [3, 0], [3, 0], [4, 0], [4, 1], [4, 1], [7, 4], [7, 4], [6, 4], [6, 4], [6, 4], [5, 4], [5, 4], [4, 4], [4, 4], [4, 5], [4, 5], [3, 7], [3, 7], [3, 7], [2, 7], [2, 7], [2, 7], [1, 7], [0, 7], [0, 7], [0, 7], [0, 7]], "spawn_a": [2, 3], "spawn_b": [5, 3]}