{"pos": [[3, 3], [5, 4], [3, 2], [6, 4], [3, 1], [7, 4], [3, 0], [3, 4], [3, 3], [3, 4], [2, 3], [3, 4], [2, 4], [3, 4], [2, 5], [3, 4], [2, 6], [3, 4], [2, 7], [3, 4], [2, 3], [3, 4], [2, 2], [3, 4], [2, 1]], "a_points": [1, 1, 2, 2, 3, 3, 4, 4, 8, 8, 8, 8, 9, 9, 10, 10, 11, 11, 12, 12, 18, 18, 18, 18, 19], "b_points": [0, 1, 1, 2, 2, 3, 3, 9, 9, 13, 13, 11, 11, 9, 9, 7, 7, 5, 5, 3, 3, 1, 1, -1, -1], "a_turns_left": [39, 39, 38, 38, 37, 37, 36, 36, 35, 35, 34, 34, 33, 33, 32, 32, 31, 31, 30, 30, 29, 29, 28, 28, 27], "b_turns_left": [40, 39, 39, 38, 38, 37, 37, 36, 36, 35, 35, 34, 34, 33, 33, 32, 32, 31, 31, 30, 30, 29, 29, 28, 28], "a_time_left": [359.9989117999794, 359.9989117999794, 359.9984354999615, 359.9984354999615, 359.99801639991347, 359.99801639991347, 359.99761079996824, 359.99761079996824, 359.9971707999939, 359.9971707999939, 359.9948580999626, 359.9948580999626, 359.99447729997337, 359.99447729997337, 359.99398339993786, 359.99398339993786, 359.9930463999044, 359.9930463999044, 359.99226369988173, 359.99226369988173, 359.9912758998107, 359.9912758998107, 359.9907858998049, 359.9907858998049, 359.9904554997338], "b_time_left": [360, 359.99903740000445, 359.99903740000445, 359.9984537999844, 359.9984537999844, 359.9980907998979, 359.9980907998979, 359.99762549984735, 359.99762549984735, 359.997206699918, 359.997206699918, 359.9969265998807, 359.9969265998807, 359.9965531999478, 359.9965531999478, 359.9961565999547, 359.9961565999547, 359.995698899962, 359.995698899962, 359.9950248999521, 359.9950248999521, 359.99437670002226, 359.99437670002226, 359.9940511001041, 359.9940511001041], "rat_caught": [false, false, false, false, false, false, false, false, false, true, false, false, false, false, false, false, false, false, false, false, false, false, false, false, false], "left_behind": ["prime", "prime", "prime", "prime", "prime", "prime", "prime", "carpet", "carpet", "search", "plain", "search", "prime", "search", "prime", "search", "prime", "search", "prime", "search", "carpet", "search", "plain", "search", "prime"], "errlog_a": "commentary failed", "errlog_b": "Timeout", "start_time": 360, "start_moves": 80, "turn_count": 25, "result": 0, "reason": "CODE_CRASH", "trapdoors": [[7, 6], [7, 5], [7, 5], [7, 5], [7, 5], [7, 4], [7, 4], [6, 4], [5, 4], [4, 4], [0, 5], [0, 4], [1, 4], [1, 4], [1, 4], [1, 4], [1, 4], [1, 4], [1, 4], [1, 5], [1, 5], [2, 5], [1, 5], [1, 5], [1, 4], [1, 4], [1, 4]], "spawn_a": [3, 4], "spawn_b": [4, 4]}