{"pos": [[3, 3], [4, 3], [3, 4], [4, 4], [3, 5], [4, 5], [3, 6], [4, 6], [3, 7], [4, 7], [3, 2], [4, 2], [3, 2], [4, 1], [3, 2], [3, 1], [2, 2], [2, 1], [2, 3], [2, 0], [2, 4], [3, 0], [2, 5], [4, 0], [2, 6], [5, 0], [2, 7], [5, 1], [2, 0], [5, 2], [5, 0], [5, 3], [5, 0], [5, 4], [5, 3], [6, 4], [5, 3], [7, 4], [5, 2], [5, 4], [5, 2], [5, 5], [5, 1], [6, 5], [5, 1], [7, 5], [3, 1], [7, 4], [3, 1], [7, 3], [3, 1], [7, 5], [3, 1], [7, 5], [3, 1], [7, 5], [3, 1], [5, 5], [3, 1], [5, 4], [3, 1], [5, 3], [3, 1], [6, 3], [3, 1], [6, 4], [3, 1], [6, 4], [3, 1], [6, 4], [3, 1], [6, 4], [3, 1], [6, 4], [3, 1], [6, 4], [3, 1], [6, 4], [3, 1], [6, 4]], "a_points": [1, 1, 2, 2, 3, 3, 4, 4, 5, 5, 15, 15, 19, 19, 17, 17, 17, 17, 18, 18, 19, 19, 20, 20, 21, 21, 22, 22, 43, 43, 47, 47, 51, 51, 55, 55, 59, 59, 59, 59, 63, 63, 63, 63, 67, 67, 69, 69, 67, 67, 65, 65, 63, 63, 61, 61, 59, 59, 63, 63, 61, 61, 59, 59, 63, 63, 61, 61, 59, 59, 57, 57, 55, 55, 53, 53, 51, 51, 49, 49], "b_points": [0, 1, 1, 2, 2, 3, 3, 4, 4, 5, 5, 15, 15, 15, 15, 16, 16, 17, 17, 18, 18, 19, 19, 20, 20, 21, 21, 22, 22, 23, 23, 24, 24, 25, 25, 26, 26, 27, 27, 29, 29, 29, 29, 30, 30, 31, 31, 32, 32, 33, 33, 35, 35, 33, 33, 31, 31, 33, 33, 33, 33, 33, 33, 33, 33, 34, 34, 32, 32, 30, 30, 28, 28, 26, 26, 24, 24, 22, 22, 20], "a_turns_left": [39, 39, 38, 38, 37, 37, 36, 36, 35, 35, 34, 34, 33, 33, 32, 32, 31, 31, 30, 30, 29, 29, 28, 28, 27, 27, 26, 26, 25, 25, 24, 24, 23, 23, 22, 22, 21, 21, 20, 20, 19, 19, 18, 18, 17, 17, 16, 16, 15, 15, 14, 14, 13, 13, 12, 12, 11, 11, 10, 10, 9, 9, 8, 8, 7, 7, 6, 6, 5, 5, 4, 4, 3, 3, 2, 2, 1, 1, 0, 0], "b_turns_left": [40, 39, 39, 38, 38, 37, 37, 36, 36, 35, 35, 34, 34, 33, 33, 32, 32, 31, 31, 30, 30, 29, 29, 28, 28, 27, 27, 26, 26, 25, 25, 24, 24, 23, 23, 22, 22, 21, 21, 20, 20, 19, 19, 18, 18, 17, 17, 16, 16, 15, 15, 14, 14, 13, 13, 12, 12, 11, 11, 10, 10, 9, 9, 8, 8, 7, 7, 6, 6, 5, 5, 4, 4, 3, 3, 2, 2, 1, 1, 0], "a_time_left": [359.9972574999556, 359.9972574999556, 359.9960276999045, 359.9960276999045, 359.994981699856, 359.994981699856, 359.99386209982913, 359.99386209982913, 359.9930733998772, 359.9930733998772, 359.99245559982955, 359.99245559982955, 359.9918611997273, 359.9918611997273, 359.9913175996626, 359.9913175996626, 359.9907374996692, 359.9907374996692, 359.9897552996408, 359.9897552996408, 359.98881059966516, 359.98881059966516, 359.988117599627, 359.988117599627, 359.9874518996803, 359.9874518996803, 359.9867271996336, 359.9867271996336, 359.98579799965955, 359.98579799965955, 359.98527359962463, 359.98527359962463, 359.9847598996712, 359.9847598996712, 359.9842053996399, 359.9842053996399, 359.9837129996158, 359.9837129996158, 359.98326379957143, 359.98326379957143, 359.98271779960487, 359.98271779960487, 359.98230699962005, 359.98230699962005, 359.98183149960823, 359.98183149960823, 359.9814866996603, 359.9814866996603, 359.9809616996208, 359.9809616996208, 359.98035879957024, 359.98035879957024, 359.9797927995678, 359.9797927995678, 359.9793479995569, 359.9793479995569, 359.9788046994945, 359.9788046994945, 359.97817869950086, 359.97817869950086, 359.97782059945166, 359.97782059945166, 359.97743949946016, 359.97743949946016, 359.9770417994587, 359.9770417994587, 359.9766338993795, 359.9766338993795, 359.9762313993415, 359.9762313993415, 359.97581599932164, 359.97581599932164, 359.97519239922985, 359.97519239922985, 359.9747254991671, 359.9747254991671, 359.9744123991113, 359.9744123991113, 359.9740346991457, 359.9740346991457], "b_time_left": [360, 359.99673240003176, 359.99673240003176, 359.995867599966, 359.995867599966, 359.9946386999218, 359.9946386999218, 359.99378839996643, 359.99378839996643, 359.99311819986906, 359.99311819986906, 359.9925098998938, 359.9925098998938, 359.9897965998389, 359.9897965998389, 359.9889387998264, 359.9889387998264, 359.9882350998232, 359.9882350998232, 359.9875861997716, 359.9875861997716, 359.9869037998142, 359.9869037998142, 359.9860948998248, 359.9860948998248, 359.9854576997459, 359.9854576997459, 359.9848108997103, 359.9848108997103, 359.9841554997256, 359.9841554997256, 359.9834558997536, 359.9834558997536, 359.97965929983184, 359.97965929983184, 359.9787595998496, 359.9787595998496, 359.97554219991434, 359.97554219991434, 359.97506139986217, 359.97506139986217, 359.9722641998669, 359.9722641998669, 359.97176939994097, 359.97176939994097, 359.969059899915, 359.969059899915, 359.9685955999885, 359.9685955999885, 359.96775679988787, 359.96775679988787, 359.96713869983796, 359.96713869983796, 359.9666309998138, 359.9666309998138, 359.9660588998813, 359.9660588998813, 359.96537219989114, 359.96537219989114, 359.9629564998904, 359.9629564998904, 359.962582499953, 359.962582499953, 359.9621765000047, 359.9621765000047, 359.9597489000298, 359.9597489000298, 359.95935990009457, 359.95935990009457, 359.95895570016, 359.95895570016, 359.95855610014405, 359.95855610014405, 359.9581674002111, 359.9581674002111, 359.9577436002437, 359.9577436002437, 359.9573918002425, 359.9573918002425, 359.95685420022346], "rat_caught": [false, false, false, false, false, false, false, false, false, false, false, false, true, false, false, false, false, false, false, false, false, false, false, false, false, false, false, false, false, false, false, false, true, false, false, false, true, false, false, false, true, false, false, false, true, false, false, false, false, false, false, false, false, false, false, false, false, false, true, false, false, false, false, false, true, false, false, false, false, false, false, false, false, false, false, false, false, false, false, false], "left_behind": ["prime", "prime", "prime", "prime", "prime", "prime", "prime", "prime", "prime", "prime", "carpet", "carpet", "search", "plain", "search", "prime", "plain", "prime", "prime", "prime", "prime", "prime", "prime", "prime", "prime", "prime", "prime", "prime", "carpet", "prime", "carpet", "prime", "search", "prime", "carpet", "prime", "search", "prime", "plain", "carpet", "search", "plain", "plain", "prime", "search", "prime", "carpet", "prime", "search", "prime", "search", "carpet", "search", "search", "search", "search", "search", "carpet", "search", "plain", "search", "plain", "search", "plain", "search", "prime", "search", "search", "search", "search", "search", "search", "search", "search", "search", "search", "search", "search", "search", "search"], "errlog_a": "commentary failed", "errlog_b": "commentary failed", "start_time": 360, "start_moves": 80, "turn_count": 80, "result": 0, "reason": "POINTS", "trapdoors": [[4, 3], [5, 3], [5, 2], [5, 1], [5, 1], [5, 1], [5, 1], [5, 0], [4, 0], [4, 0], [4, 0], [4, 0], [4, 1], [1, 7], [2, 7], [2, 7], [2, 7], [2, 7], [2, 7], [2, 7], [2, 7], [2, 7], [2, 6], [2, 6], [2, 6], [2, 6], [2, 6], [2, 6], [2, 6], [1, 6], [1, 6], [2, 6], [2, 6], [4, 5], [4, 5], [4, 4], [4, 4], [2, 6], [2, 7], [2, 7], [2, 7], [6, 3], [5, 3], [5, 2], [5, 1], [2, 6], [2, 5], [2, 6], [2, 6], [3, 6], [3, 6], [4, 6], [4, 6], [5, 6], [5, 5], [5, 5], [5, 5], [5, 4], [5, 4], [3, 4], [3, 4], [2, 4], [2, 4], [1, 4], [1, 4], [2, 0], [2, 1], [2, 1], [3, 1], [2, 1], [2, 1], [1, 1], [1, 1], [1, 1], [1, 1], [1, 2], [1, 2], [2, 2], [3, 2], [3, 2], [3, 2]], "spawn_a": [3, 2], "spawn_b": [4, 2]}