{"pos": [[2, 3], [4, 2], [1, 3], [4, 1], [3, 3], [4, 2], [3, 2], [4, 3], [3, 1], [4, 4], [3, 2], [4, 3], [2, 2], [4, 4], [2, 2], [3, 4], [1, 2], [4, 4], [2, 2], [4, 5], [1, 2], [3, 5], [1, 3], [3, 5], [1, 4], [2, 5], [1, 3], [4, 5], [0, 3], [3, 5], [0, 2], [2, 5], [1, 2], [2, 6], [1, 4], [2, 5], [1, 4], [2, 4], [1, 5]], "a_points": [1, 1, 2, 2, 4, 4, 4, 4, 5, 5, 4, 4, 4, 4, 8, 8, 8, 8, 9, 9, 8, 8, 8, 8, 8, 8, 9, 9, 10, 10, 11, 11, 12, 12, 14, 14, 18, 18, 18], "b_points": [0, 0, 0, 1, 1, 0, 0, 0, 0, 1, 1, 0, 0, 0, 0, 1, 1, 0, 0, 0, 0, 1, 1, 5, 5, 6, 6, 8, 8, 8, 8, 8, 8, 8, 8, 9, 9, 9, 9], "a_turns_left": [39, 39, 38, 38, 37, 37, 36, 36, 35, 35, 34, 34, 33, 33, 32, 32, 31, 31, 30, 30, 29, 29, 28, 28, 27, 27, 26, 26, 25, 25, 24, 24, 23, 23, 22, 22, 21, 21, 20], "b_turns_left": [40, 39, 39, 38, 38, 37, 37, 36, 36, 35, 35, 34, 34, 33, 33, 32, 32, 31, 31, 30, 30, 29, 29, 28, 28, 27, 27, 26, 26, 25, 25, 24, 24, 23, 23, 22, 22, 21, 21], "a_time_left": [352.2825860999874, 352.2825860999874, 344.5860318999621, 344.5860318999621, 336.8059904999682, 336.8059904999682, 329.0318271999713, 329.0318271999713, 321.21991069993237, 321.21991069993237, 313.32601519988384, 313.32601519988384, 305.41154519986594, 305.41154519986594, 305.4106981998775, 305.4106981998775, 297.36698779987637, 297.36698779987637, 289.3075461998815, 289.3075461998815, 281.287368799909, 281.287368799909, 273.22058549994836, 273.22058549994836, 265.1802928999532, 265.1802928999532, 257.15373789996374, 257.15373789996374, 249.13828679994913, 249.13828679994913, 242.85023999994155, 242.85023999994155, 237.20023649994982, 237.20023649994982, 233.96853309997823, 233.96853309997823, 225.93253639998147, 225.93253639998147, 217.91833349998342], "b_time_left": [360, 352.2947701999801, 352.2947701999801, 344.58406289998675, 344.58406289998675, 336.81498879997525, 336.81498879997525, 329.01115939999, 329.01115939999, 321.1658355999971, 321.1658355999971, 313.2790466999868, 313.2790466999868, 305.3431210999843, 305.3431210999843, 297.44836199999554, 297.44836199999554, 289.4916004000115, 289.4916004000115, 281.50593200000003, 281.50593200000003, 273.488307600026, 273.488307600026, 273.48806070000865, 273.48806070000865, 265.4338114000275, 265.4338114000275, 257.4193229000084, 257.4193229000084, 249.399229200033, 249.399229200033, 243.63875540002482, 243.63875540002482, 238.85607630002778, 238.85607630002778, 233.0980454000528, 233.0980454000528, 225.08751770004164, 225.08751770004164], "rat_caught": [false, false, false, false, false, false, false, false, false, false, false, false, false, false, true, false, false, false, false, false, false, false, false, true, false, false, false, false, false, false, false, false, false, false, false, false, true, false, false], "left_behind": ["prime", "plain", "prime", "prime", "carpet", "carpet", "plain", "plain", "prime", "prime", "carpet", "carpet", "plain", "plain", "search", "prime", "plain", "carpet", "prime", "plain", "carpet", "prime", "plain", "search", "plain", "prime", "prime", "carpet", "prime", "plain", "prime", "plain", "prime", "plain", "carpet", "prime", "search", "plain", "plain"], "errlog_a": "Turn 20 done. Search depths reached: [1, 2, 3, 4, 5, 6]. Rat peak belief at (2, 1), EV=0.13. Last search stats: nodes=2798, time=8.039s, depths=[1, 2, 3, 4, 5, 6]", "errlog_b": "Traceback (most recent call last):\n  File \"C:\\Users\\willn\\Downloads\\dist\\NewDistRepo\\3600_tournament\\engine\\player_process.py\", line 280, in run_player_process\n    player_move = player.play(\n        temp_board, rat_samples, time_left_func\n    )\n  File \"C:\\Users\\willn\\Downloads\\dist\\NewDistRepo\\3600_tournament\\3600-agents\\Yolanda\\agent.py\", line 57, in play\n    self.rat_belief.update(\n    ~~~~~~~~~~~~~~~~~~~~~~^\n        board,\n        ^^^^^^\n    ...<4 lines>...\n        opp_found=opp_found,\n        ^^^^^^^^^^^^^^^^^^^^\n    )\n    ^\n  File \"C:\\Users\\willn\\Downloads\\dist\\NewDistRepo\\3600_tournament\\3600-agents\\Yolanda\\rat_belief.py\", line 168, in update\n    self.observe(board, noise, est_distance, worker_pos)\n    ~~~~~~~~~~~~^^^^^^^^^^^^^^^^^^^^^^^^^^^^^^^^^^^^^^^^\n  File \"C:\\Users\\willn\\Downloads\\dist\\NewDistRepo\\3600_tournament\\3600-agents\\Yolanda\\rat_belief.py\", line 189, in observe\n    noise_lk = self._noise_likelihood(board, noise)\n  File \"C:\\Users\\willn\\Downloads\\dist\\NewDistRepo\\3600_tournament\\3600-agents\\Yolanda\\rat_belief.py\", line 258, in _noise_likelihood\n    return self._emission_cache[:, noise_idx]\n           ~~~~~~~~~~~~~~~~~~~~^^^^^^^^^^^^^^\nTypeError: 'NoneType' object is not subscriptable\n", "start_time": 360, "start_moves": 80, "turn_count": 39, "result": 0, "reason": "CODE_CRASH", "trapdoors": [[5, 0], [5, 0], [4, 0], [3, 0], [2, 0], [2, 0], [2, 0], [2, 1], [2, 2], [2, 2], [2, 2], [2, 1], [3, 1], [2, 1], [2, 2], [1, 3], [0, 3], [1, 3], [2, 3], [2, 3], [3, 3], [3, 4], [3, 4], [3, 4], [4, 0], [4, 1], [5, 1], [4, 1], [4, 1], [4, 0], [4, 0], [4, 0], [3, 0], [3, 0], [3, 0], [3, 0], [3, 1], [2, 3], [2, 3], [3, 3], [3, 3]], "spawn_a": [3, 3], "spawn_b": [4, 3]}