{"pos": [[3, 2], [5, 1], [3, 1], [5, 0], [3, 0], [4, 0], [3, 1], [4, 1], [3, 1], [4, 0], [3, 1], [4, 1], [3, 1], [4, 2], [3, 2], [4, 1], [2, 2], [4, 2], [3, 2], [4, 3]], "a_points": [1, 1, 1, 1, 1, 1, 1, 1, -1, -1, -3, -3, 1, 1, 1, 1, 0, 0, 0, 0], "b_points": [0, 0, 0, 0, 0, 0, 0, 1, 1, 0, 0, 0, 0, 1, 1, 0, 0, 0, 0, 0], "a_turns_left": [39, 39, 38, 38, 37, 37, 36, 36, 35, 35, 34, 34, 33, 33, 32, 32, 31, 31, 30, 30], "b_turns_left": [40, 39, 39, 38, 38, 37, 37, 36, 36, 35, 35, 34, 34, 33, 33, 32, 32, 31, 31, 30], "a_time_left": [357.96355580003, 357.96355580003, 355.92224719992373, 355.92224719992373, 353.9031332000159, 353.9031332000159, 351.88938269997016, 351.88938269997016, 349.87360659986734, 349.87360659986734, 347.8498842997942, 347.8498842997942, 345.8217703998089, 345.8217703998089, 343.795059699798, 343.795059699798, 341.7661937997909, 341.7661937997909, 339.7374214997981, 339.7374214997981], "b_time_left": [360, 357.95538850000594, 357.95538850000594, 355.9253963000374, 355.9253963000374, 353.90921149996575, 353.90921149996575, 351.88498589990195, 351.88498589990195, 349.86166459997185, 349.86166459997185, 347.84701759996824, 347.84701759996824, 345.8150408999063, 345.8150408999063, 343.7832871999126, 343.7832871999126, 341.7663889999967, 341.7663889999967, 339.71440920000896], "rat_caught": [false, false, false, false, false, false, false, false, false, false, false, false, true, false, false, false, false, false, false, false], "left_behind": ["prime", "plain", "plain", "plain", "plain", "plain", "plain", "prime", "search", "carpet", "search", "plain", "search", "prime", "plain", "carpet", "carpet", "plain", "plain", "plain"], "errlog_a": "Timeout", "errlog_b": "commentary failed", "start_time": 360, "start_moves": 80, "turn_count": 20, "result": 1, "reason": "CODE_CRASH", "trapdoors": [[6, 1], [6, 1], [5, 1], [5, 1], [5, 1], [4, 1], [4, 1], [4, 1], [4, 1], [4, 1], [4, 2], [4, 2], [4, 2], [6, 4], [6, 5], [6, 5], [6, 5], [6, 5], [6, 5], [5, 5], [5, 5], [5, 5]], "spawn_a": [2, 2], "spawn_b": [5, 2]}