{"pos": [[3, 5], [4, 5], [3, 4], [4, 6]], "a_points": [1, 1, 2, 2], "b_points": [0, 1, 1, 2], "a_turns_left": [39, 39, 38, 38], "b_turns_left": [40, 39, 39, 38], "a_time_left": [355.9864080999978, 355.9864080999978, 351.97433400002774, 351.97433400002774], "b_time_left": [360, 355.9817161000101, 355.9817161000101, 351.97257650003303], "rat_caught": [false, false, false, false], "left_behind": ["prime", "prime", "prime", "prime"], "errlog_a": "Timeout", "errlog_b": "commentary failed", "start_time": 360, "start_moves": 80, "turn_count": 4, "result": 1, "reason": "CODE_CRASH", "trapdoors": [[5, 1], [5, 1], [5, 1], [5, 1], [5, 1], [5, 1]], "spawn_a": [2, 5], "spawn_b": [5, 5]}