{"pos": [[3, 3], [5, 4], [3, 2], [3, 4], [2, 2], [3, 5], [2, 3], [4, 5], [2, 4], [4, 6], [2, 5], [3, 6], [2, 6], [3, 5], [2, 2], [3, 6], [3, 2], [3, 7], [3, 1], [2, 7], [3, 0], [2, 6], [4, 0], [4, 6], [4, 1], [4, 7], [4, 2], [4, 6], [4, 3], [4, 7], [4, 0], [4, 6], [3, 0], [4, 7], [4, 0], [4, 6], [3, 0], [4, 7], [4, 0], [4, 6], [3, 0], [4, 7], [4, 0], [4, 6], [3, 0], [4, 7], [4, 0], [4, 6], [3, 0], [4, 7], [4, 0], [4, 6], [3, 0], [4, 7], [4, 0], [4, 6], [3, 0], [4, 7], [4, 0], [4, 6], [3, 0], [4, 7]], "a_points": [1, 1, 2, 2, 2, 2, 3, 3, 4, 4, 5, 5, 6, 6, 12, 12, 12, 12, 13, 13, 14, 14, 14, 14, 15, 15, 16, 16, 17, 17, 21, 21, 21, 21, 21, 21, 21, 21, 21, 21, 21, 21, 21, 21, 21, 21, 21, 21, 21, 21, 21, 21, 21, 21, 21, 21, 21, 21, 21, 21, 21, 21], "b_points": [0, 1, 1, 3, 3, 3, 3, 4, 4, 5, 5, 6, 6, 5, 5, 5, 5, 6, 6, 7, 7, 8, 8, 10, 10, 10, 10, 10, 10, 10, 10, 10, 10, 10, 10, 10, 10, 10, 10, 10, 10, 10, 10, 10, 10, 10, 10, 10, 10, 10, 10, 10, 10, 10, 10, 10, 10, 10, 10, 10, 10, 10], "a_turns_left": [39, 39, 38, 38, 37, 37, 36, 36, 35, 35, 34, 34, 33, 33, 32, 32, 31, 31, 30, 30, 29, 29, 28, 28, 27, 27, 26, 26, 25, 25, 24, 24, 23, 23, 22, 22, 21, 21, 20, 20, 19, 19, 18, 18, 17, 17, 16, 16, 15, 15, 14, 14, 13, 13, 12, 12, 11, 11, 10, 10, 9, 9], "b_turns_left": [40, 39, 39, 38, 38, 37, 37, 36, 36, 35, 35, 34, 34, 33, 33, 32, 32, 31, 31, 30, 30, 29, 29, 28, 28, 27, 27, 26, 26, 25, 25, 24, 24, 23, 23, 22, 22, 21, 21, 20, 20, 19, 19, 18, 18, 17, 17, 16, 16, 15, 15, 14, 14, 13, 13, 12, 12, 11, 11, 10, 10, 9], "a_time_left": [355.4542002999224, 355.4542002999224, 350.96452049992513, 350.96452049992513, 346.7434034998296, 346.7434034998296, 342.25355569983367, 342.25355569983367, 337.96383379993495, 337.96383379993495, 333.7427905998193, 333.7427905998193, 329.55610669986345, 329.55610669986345, 325.4652617998654, 325.4652617998654, 321.2221762998961, 321.2221762998961, 317.07759569992777, 317.07759569992777, 312.9677680999739, 312.9677680999739, 308.8979360999074, 308.8979360999074, 304.8174519999884, 304.8174519999884, 300.73092450003605, 300.73092450003605, 296.629803000018, 296.629803000018, 292.56012889998965, 292.56012889998965, 288.49957159988116, 288.49957159988116, 284.4589578998275, 284.4589578998275, 280.4056853998918, 280.4056853998918, 276.37262579984963, 276.37262579984963, 272.30062369978987, 272.30062369978987, 268.26277719973586, 268.26277719973586, 264.22008379979525, 264.22008379979525, 260.1858597997343, 260.1858597997343, 256.13901629974134, 256.13901629974134, 252.10117469972465, 252.10117469972465, 248.04772979975678, 248.04772979975678, 244.0128228997346, 244.0128228997346, 239.9855259996839, 239.9855259996839, 235.9487958996324, 235.9487958996324, 231.90461169963237, 231.90461169963237], "b_time_left": [360, 355.49153670005035, 355.49153670005035, 351.05199820012785, 351.05199820012785, 346.85380200017244, 346.85380200017244, 342.39037890022155, 342.39037890022155, 338.0605011001462, 338.0605011001462, 333.8948436001083, 333.8948436001083, 329.8069271000568, 329.8069271000568, 325.71694449998904, 325.71694449998904, 321.3701213999884, 321.3701213999884, 317.2581110999454, 317.2581110999454, 313.21148529998027, 313.21148529998027, 309.0999394999817, 309.0999394999817, 304.99426780000795, 304.99426780000795, 300.9153509000316, 300.9153509000316, 296.82461780007, 296.82461780007, 292.79198750003707, 292.79198750003707, 288.74514850007836, 288.74514850007836, 284.71194460010156, 284.71194460010156, 280.66688430006616, 280.66688430006616, 276.63369470008183, 276.63369470008183, 272.5843301001005, 272.5843301001005, 268.54894030012656, 268.54894030012656, 264.5036377001088, 264.5036377001088, 260.4707190000918, 260.4707190000918, 256.42696480010636, 256.42696480010636, 252.3911536000669, 252.3911536000669, 248.35205169999972, 248.35205169999972, 244.32007330004126, 244.32007330004126, 240.2741185000632, 240.2741185000632, 236.23910410003737, 236.23910410003737, 232.1926774000749], "rat_caught": [false, false, false, false, false, false, false, false, false, false, false, false, false, false, false, false, false, false, false, false, false, false, false, false, false, false, false, false, false, false, false, false, false, false, false, false, false, false, false, false, false, false, false, false, false, false, false, false, false, false, false, false, false, false, false, false, false, false, false, false, false, false], "left_behind": ["prime", "prime", "prime", "carpet", "plain", "plain", "prime", "prime", "prime", "prime", "prime", "prime", "prime", "carpet", "carpet", "plain", "plain", "prime", "prime", "prime", "prime", "prime", "plain", "carpet", "prime", "plain", "prime", "plain", "prime", "plain", "carpet", "plain", "plain", "plain", "plain", "plain", "plain", "plain", "plain", "plain", "plain", "plain", "plain", "plain", "plain", "plain", "plain", "plain", "plain", "plain", "plain", "plain", "plain", "plain", "plain", "plain", "plain", "plain", "plain", "plain", "plain", "plain"], "errlog_a": "Timeout", "errlog_b": "commentary failed", "start_time": 360, "start_moves": 80, "turn_count": 62, "result": 1, "reason": "CODE_CRASH", "trapdoors": [[6, 3], [6, 2], [6, 2], [6, 3], [6, 3], [6, 3], [7, 3], [7, 3], [7, 4], [7, 4], [7, 4], [7, 5], [7, 4], [7, 4], [7, 3], [7, 3], [7, 4], [6, 4], [6, 4], [6, 4], [6, 4], [6, 5], [6, 6], [6, 7], [5, 7], [5, 7], [4, 7], [4, 6], [3, 6], [3, 6], [3, 6], [2, 6], [2, 6], [2, 6], [2, 6], [2, 6], [2, 5], [2, 5], [2, 4], [2, 3], [2, 3], [2, 3], [2, 3], [2, 3], [2, 3], [2, 2], [2, 2], [3, 2], [3, 2], [2, 2], [2, 2], [2, 3], [2, 2], [2, 2], [2, 2], [3, 2], [3, 1], [3, 1], [3, 1], [4, 1], [5, 1], [5, 1], [6, 1], [5, 1]], "spawn_a": [3, 4], "spawn_b": [4, 4]}