{"pos": [[2, 3], [5, 3], [2, 2], [5, 2], [2, 1], [5, 1], [2, 0], [5, 0], [2, 4], [5, 4], [2, 4], [5, 5], [2, 4], [4, 5], [2, 4], [4, 4], [2, 4], [4, 3], [2, 5], [4, 2], [1, 5], [4, 1], [1, 4], [4, 0], [1, 3], [4, 5], [1, 2], [4, 5], [1, 5], [4, 5], [1, 5], [4, 5], [0, 5], [4, 5], [0, 4], [4, 5], [0, 3], [4, 5], [0, 2], [4, 5], [0, 5], [4, 5], [0, 5], [4, 6], [0, 5], [4, 5], [0, 5], [4, 5], [0, 5], [4, 5], [0, 5], [4, 5], [0, 5], [4, 5], [0, 5], [4, 5], [0, 4], [4, 5], [0, 3], [4, 5], [0, 2], [4, 5], [0, 3], [4, 5], [0, 4], [4, 5], [0, 4], [4, 4], [0, 3], [4, 3], [0, 3], [4, 3], [0, 4], [4, 3], [0, 4], [4, 3], [0, 4], [4, 3], [0, 4], [4, 3]], "a_points": [1, 1, 2, 2, 3, 3, 4, 4, 10, 10, 14, 14, 12, 12, 10, 10, 8, 8, 8, 8, 9, 9, 10, 10, 11, 11, 12, 12, 16, 16, 14, 14, 14, 14, 15, 15, 16, 16, 17, 17, 21, 21, 25, 25, 23, 23, 21, 21, 19, 19, 17, 17, 15, 15, 13, 13, 13, 13, 13, 13, 13, 13, 14, 14, 14, 14, 18, 18, 18, 18, 16, 16, 16, 16, 14, 14, 12, 12, 10, 10], "b_points": [0, 1, 1, 2, 2, 3, 3, 4, 4, 10, 10, 10, 10, 11, 11, 12, 12, 13, 13, 14, 14, 15, 15, 16, 16, 26, 26, 24, 24, 22, 22, 26, 26, 24, 24, 22, 22, 20, 20, 18, 18, 16, 16, 16, 16, 17, 17, 15, 15, 13, 13, 11, 11, 9, 9, 13, 13, 11, 11, 9, 9, 7, 7, 11, 11, 9, 9, 9, 9, 9, 9, 13, 13, 11, 11, 9, 9, 7, 7, 5], "a_turns_left": [39, 39, 38, 38, 37, 37, 36, 36, 35, 35, 34, 34, 33, 33, 32, 32, 31, 31, 30, 30, 29, 29, 28, 28, 27, 27, 26, 26, 25, 25, 24, 24, 23, 23, 22, 22, 21, 21, 20, 20, 19, 19, 18, 18, 17, 17, 16, 16, 15, 15, 14, 14, 13, 13, 12, 12, 11, 11, 10, 10, 9, 9, 8, 8, 7, 7, 6, 6, 5, 5, 4, 4, 3, 3, 2, 2, 1, 1, 0, 0], "b_turns_left": [40, 39, 39, 38, 38, 37, 37, 36, 36, 35, 35, 34, 34, 33, 33, 32, 32, 31, 31, 30, 30, 29, 29, 28, 28, 27, 27, 26, 26, 25, 25, 24, 24, 23, 23, 22, 22, 21, 21, 20, 20, 19, 19, 18, 18, 17, 17, 16, 16, 15, 15, 14, 14, 13, 13, 12, 12, 11, 11, 10, 10, 9, 9, 8, 8, 7, 7, 6, 6, 5, 5, 4, 4, 3, 3, 2, 2, 1, 1, 0], "a_time_left": [359.99817070004065, 359.99817070004065, 359.997390500037, 359.997390500037, 359.99671170010697, 359.99671170010697, 359.99621240014676, 359.99621240014676, 359.99582280020695, 359.99582280020695, 359.99542410019785, 359.99542410019785, 359.9951472003013, 359.9951472003013, 359.99479080026504, 359.99479080026504, 359.99443140020594, 359.99443140020594, 359.9941180002643, 359.9941180002643, 359.9936220003292, 359.9936220003292, 359.99321770027746, 359.99321770027746, 359.9927203003317, 359.9927203003317, 359.99191660038196, 359.99191660038196, 359.9915362003958, 359.9915362003958, 359.9912350004306, 359.9912350004306, 359.9897013003938, 359.9897013003938, 359.9891875004396, 359.9891875004396, 359.98873330047354, 359.98873330047354, 359.9882044005208, 359.9882044005208, 359.9878962005023, 359.9878962005023, 359.9873813004233, 359.9873813004233, 359.98709350044373, 359.98709350044373, 359.98675870045554, 359.98675870045554, 359.9864548004698, 359.9864548004698, 359.9859228004934, 359.9859228004934, 359.9855345004471, 359.9855345004471, 359.9852572004311, 359.9852572004311, 359.9831628004322, 359.9831628004322, 359.98283480049577, 359.98283480049577, 359.9824164005695, 359.9824164005695, 359.9820065004751, 359.9820065004751, 359.97978270053864, 359.97978270053864, 359.9793605005834, 359.9793605005834, 359.97906470054295, 359.97906470054295, 359.97878730052616, 359.97878730052616, 359.9759164005518, 359.9759164005518, 359.9755125005031, 359.9755125005031, 359.97501430055127, 359.97501430055127, 359.97456130047794, 359.97456130047794], "b_time_left": [360, 359.9978282999946, 359.9978282999946, 359.99703100009356, 359.99703100009356, 359.9965321001364, 359.9965321001364, 359.99605640012305, 359.99605640012305, 359.99565640010405, 359.99565640010405, 359.993075500126, 359.993075500126, 359.9925966000883, 359.9925966000883, 359.9921523000812, 359.9921523000812, 359.99140420008916, 359.99140420008916, 359.990952400025, 359.990952400025, 359.9905850000214, 359.9905850000214, 359.9900639000116, 359.9900639000116, 359.9894463000819, 359.9894463000819, 359.98903560009785, 359.98903560009785, 359.9886024000589, 359.9886024000589, 359.9883023999864, 359.9883023999864, 359.9878456000006, 359.9878456000006, 359.9874017999973, 359.9874017999973, 359.98703050008044, 359.98703050008044, 359.9866642000852, 359.9866642000852, 359.98621570004616, 359.98621570004616, 359.98346340004355, 359.98346340004355, 359.98309010011144, 359.98309010011144, 359.9827631000662, 359.9827631000662, 359.98246289999224, 359.98246289999224, 359.98196540004574, 359.98196540004574, 359.98152680008207, 359.98152680008207, 359.98117240006104, 359.98117240006104, 359.9808957000496, 359.9808957000496, 359.9805982001126, 359.9805982001126, 359.9801689001033, 359.9801689001033, 359.9797099001007, 359.9797099001007, 359.9793578000972, 359.9793578000972, 359.97710730007384, 359.97710730007384, 359.97659470012877, 359.97659470012877, 359.97618180012796, 359.97618180012796, 359.9758202001685, 359.9758202001685, 359.97529460012447, 359.97529460012447, 359.9748257001629, 359.9748257001629, 359.97438340017106], "rat_caught": [false, false, false, false, false, false, false, false, false, false, true, false, false, false, false, false, false, false, false, false, false, false, false, false, false, false, false, false, false, false, false, true, false, false, false, false, false, false, false, false, false, false, true, false, false, false, false, false, false, false, false, false, false, false, false, true, false, false, false, false, false, false, false, true, false, false, true, false, false, false, false, true, false, false, false, false, false, false, false, false], "left_behind": ["prime", "prime", "prime", "prime", "prime", "prime", "prime", "prime", "carpet", "carpet", "search", "plain", "search", "prime", "search", "prime", "search", "prime", "plain", "prime", "prime", "prime", "prime", "prime", "prime", "carpet", "prime", "search", "carpet", "search", "search", "search", "plain", "search", "prime", "search", "prime", "search", "prime", "search", "carpet", "search", "search", "plain", "search", "prime", "search", "search", "search", "search", "search", "search", "search", "search", "search", "search", "plain", "search", "plain", "search", "plain", "search", "prime", "search", "plain", "search", "search", "plain", "plain", "plain", "search", "search", "plain", "search", "search", "search", "search", "search", "search", "search"], "errlog_a": "commentary failed", "errlog_b": "commentary failed", "start_time": 360, "start_moves": 80, "turn_count": 80, "result": 0, "reason": "POINTS", "trapdoors": [[4, 0], [4, 1], [4, 1], [4, 2], [4, 2], [4, 2], [4, 3], [4, 3], [4, 3], [4, 3], [5, 3], [3, 2], [3, 2], [3, 2], [2, 2], [2, 1], [2, 1], [2, 1], [2, 1], [2, 1], [3, 1], [3, 1], [3, 2], [3, 2], [3, 2], [3, 2], [3, 2], [3, 2], [3, 2], [3, 1], [3, 1], [3, 1], [5, 7], [5, 7], [5, 7], [5, 7], [5, 6], [5, 6], [4, 6], [4, 6], [4, 7], [5, 7], [5, 7], [3, 1], [3, 1], [3, 1], [3, 2], [3, 2], [3, 2], [3, 2], [3, 2], [3, 1], [3, 1], [3, 1], [3, 1], [3, 1], [5, 6], [5, 6], [5, 6], [5, 6], [5, 6], [5, 6], [5, 6], [5, 6], [4, 6], [4, 6], [3, 6], [4, 7], [4, 7], [4, 7], [4, 7], [5, 7], [3, 4], [3, 5], [3, 6], [3, 7], [3, 7], [2, 7], [2, 7], [2, 7], [1, 7]], "spawn_a": [2, 4], "spawn_b": [5, 4]}