{"pos": [[2, 4], [4, 5], [2, 3], [3, 5], [2, 2], [3, 4], [2, 5], [3, 5], [2, 6], [5, 5], [3, 6], [5, 4]], "a_points": [1, 1, 2, 2, 3, 3, 7, 7, 7, 7, 8, 8], "b_points": [0, 1, 1, 2, 2, 3, 3, 2, 2, 4, 4, 4], "a_turns_left": [39, 39, 38, 38, 37, 37, 36, 36, 35, 35, 34, 34], "b_turns_left": [40, 39, 39, 38, 38, 37, 37, 36, 36, 35, 35, 34], "a_time_left": [355.9763125999598, 355.9763125999598, 351.9506818000227, 351.9506818000227, 347.93108629994094, 347.93108629994094, 343.9176855998812, 343.9176855998812, 339.91168639983516, 339.91168639983516, 335.9015801998321, 335.9015801998321], "b_time_left": [360, 355.97707030002493, 355.97707030002493, 351.9500981000019, 351.9500981000019, 347.93018669995945, 347.93018669995945, 343.9162779998733, 343.9162779998733, 339.90314539987594, 339.90314539987594, 335.8908526998712], "rat_caught": [false, false, false, false, false, false, false, false, false, false, false, false], "left_behind": ["prime", "prime", "prime", "prime", "prime", "prime", "carpet", "carpet", "plain", "carpet", "prime", "plain"], "errlog_a": "Timeout", "errlog_b": "commentary failed", "start_time": 360, "start_moves": 80, "turn_count": 12, "result": 1, "reason": "CODE_CRASH", "trapdoors": [[0, 4], [0, 3], [0, 3], [0, 3], [1, 3], [1, 3], [1, 3], [1, 2], [1, 3], [1, 2], [0, 2], [0, 2], [0, 1], [0, 0]], "spawn_a": [2, 5], "spawn_b": [5, 5]}