{"pos": [[3, 4], [4, 4], [3, 3], [4, 3], [3, 2], [4, 2], [3, 1], [4, 1], [3, 0], [4, 0], [3, 5], [4, 5], [3, 6], [4, 6], [3, 5], [5, 6], [2, 5], [5, 5], [2, 4], [5, 4], [2, 3], [5, 3], [2, 2], [5, 2], [1, 2], [5, 1], [1, 3], [5, 0], [1, 4], [5, 6], [1, 5], [5, 7], [0, 5], [4, 7], [0, 4], [3, 7], [0, 3], [2, 7], [0, 2], [5, 7], [0, 5], [5, 7], [2, 5], [5, 7], [2, 6], [5, 7], [4, 6], [5, 7], [4, 6], [5, 7]], "a_points": [1, 1, 2, 2, 3, 3, 4, 4, 5, 5, 15, 15, 15, 15, 16, 16, 16, 16, 17, 17, 18, 18, 19, 19, 20, 20, 21, 21, 22, 22, 23, 23, 24, 24, 25, 25, 26, 26, 27, 27, 31, 31, 33, 33, 33, 33, 35, 35, 39, 39], "b_points": [0, 1, 1, 2, 2, 3, 3, 4, 4, 5, 5, 15, 15, 15, 15, 16, 16, 17, 17, 18, 18, 19, 19, 20, 20, 21, 21, 22, 22, 37, 37, 37, 37, 38, 38, 39, 39, 40, 40, 44, 44, 48, 48, 46, 46, 44, 44, 42, 42, 40], "a_turns_left": [39, 39, 38, 38, 37, 37, 36, 36, 35, 35, 34, 34, 33, 33, 32, 32, 31, 31, 30, 30, 29, 29, 28, 28, 27, 27, 26, 26, 25, 25, 24, 24, 23, 23, 22, 22, 21, 21, 20, 20, 19, 19, 18, 18, 17, 17, 16, 16, 15, 15], "b_turns_left": [40, 39, 39, 38, 38, 37, 37, 36, 36, 35, 35, 34, 34, 33, 33, 32, 32, 31, 31, 30, 30, 29, 29, 28, 28, 27, 27, 26, 26, 25, 25, 24, 24, 23, 23, 22, 22, 21, 21, 20, 20, 19, 19, 18, 18, 17, 17, 16, 16, 15], "a_time_left": [359.9986227999907, 359.9986227999907, 359.99788499996066, 359.99788499996066, 359.9971263000043, 359.9971263000043, 359.99631379998755, 359.99631379998755, 359.9956230999669, 359.9956230999669, 359.9944344999967, 359.9944344999967, 359.9934926999267, 359.9934926999267, 359.99258610000834, 359.99258610000834, 359.99215990002267, 359.99215990002267, 359.9912864001235, 359.9912864001235, 359.9901733001461, 359.9901733001461, 359.9891030001454, 359.9891030001454, 359.9882878002245, 359.9882878002245, 359.98771310027223, 359.98771310027223, 359.98693190026097, 359.98693190026097, 359.98620470031165, 359.98620470031165, 359.9855171003146, 359.9855171003146, 359.9847955002915, 359.9847955002915, 359.9841679002857, 359.9841679002857, 359.98343420028687, 359.98343420028687, 359.9828600003384, 359.9828600003384, 359.9813912003301, 359.9813912003301, 359.9810014003888, 359.9810014003888, 359.97999610041734, 359.97999610041734, 359.9791116004344, 359.9791116004344], "b_time_left": [360, 359.99855489993934, 359.99855489993934, 359.9977634999668, 359.9977634999668, 359.9966872999212, 359.9966872999212, 359.9959674999118, 359.9959674999118, 359.99487029993907, 359.99487029993907, 359.9941089999629, 359.9941089999629, 359.9932587998919, 359.9932587998919, 359.9925296999281, 359.9925296999281, 359.99185179988854, 359.99185179988854, 359.9907339998754, 359.9907339998754, 359.9898772998713, 359.9898772998713, 359.98897909990046, 359.98897909990046, 359.98808679985814, 359.98808679985814, 359.9872495998861, 359.9872495998861, 359.9865410999628, 359.9865410999628, 359.98589689994697, 359.98589689994697, 359.98518129996955, 359.98518129996955, 359.9845455000177, 359.9845455000177, 359.9835916000884, 359.9835916000884, 359.9829291001661, 359.9829291001661, 359.9819275002228, 359.9819275002228, 359.9815752002178, 359.9815752002178, 359.9806745002279, 359.9806745002279, 359.97933880018536, 359.97933880018536, 359.9761127001839], "rat_caught": [false, false, false, false, false, false, false, false, false, false, false, false, false, false, false, false, false, false, false, false, false, false, false, false, false, false, false, false, false, false, false, false, false, false, false, false, false, false, false, false, false, true, false, false, false, false, false, false, true, false], "left_behind": ["prime", "prime", "prime", "prime", "prime", "prime", "prime", "prime", "prime", "prime", "carpet", "carpet", "plain", "plain", "prime", "prime", "plain", "prime", "prime", "prime", "prime", "prime", "prime", "prime", "prime", "prime", "prime", "prime", "prime", "carpet", "prime", "plain", "prime", "prime", "prime", "prime", "prime", "prime", "prime", "carpet", "carpet", "search", "carpet", "search", "plain", "search", "carpet", "search", "search", "search"], "errlog_a": "Timeout", "errlog_b": "commentary failed", "start_time": 360, "start_moves": 80, "turn_count": 50, "result": 1, "reason": "CODE_CRASH", "trapdoors": [[4, 0], [4, 0], [4, 1], [4, 2], [4, 2], [4, 2], [4, 2], [4, 3], [4, 3], [4, 2], [4, 2], [4, 2], [4, 2], [4, 3], [5, 3], [5, 2], [5, 2], [5, 3], [5, 3], [6, 3], [6, 3], [7, 3], [7, 4], [7, 4], [7, 4], [7, 4], [7, 4], [7, 4], [6, 4], [6, 4], [5, 4], [5, 4], [5, 4], [4, 4], [4, 5], [5, 5], [5, 5], [5, 6], [5, 6], [5, 5], [5, 6], [5, 6], [1, 6], [0, 6], [0, 5], [0, 5], [1, 5], [2, 5], [2, 5], [4, 2], [4, 2], [4, 2]], "spawn_a": [3, 5], "spawn_b": [4, 5]}