{"pos": [[3, 4], [4, 4], [3, 5], [4, 5], [3, 6], [5, 5], [3, 7], [5, 4], [3, 3], [5, 3], [3, 3], [5, 2], [5, 3], [4, 2], [5, 3], [3, 2], [5, 5], [2, 2], [5, 5], [2, 3], [5, 5], [2, 4], [5, 5], [2, 5], [5, 5], [2, 2], [5, 5], [5, 2], [5, 5], [5, 1], [5, 5], [4, 1], [5, 5], [3, 1], [5, 5], [2, 1], [6, 5], [5, 1], [6, 4], [5, 1], [6, 3], [5, 1], [6, 2], [5, 1], [6, 5], [5, 1], [6, 5], [5, 1], [6, 5], [5, 1], [6, 5], [5, 1], [6, 5], [5, 1], [6, 5], [5, 1], [7, 5], [5, 1], [7, 4], [5, 1], [7, 3], [5, 1], [7, 2], [5, 1], [7, 5], [5, 1], [7, 5], [5, 1], [7, 4], [5, 1], [7, 3], [5, 0], [7, 3], [4, 0], [7, 4], [3, 0], [7, 4], [2, 0], [7, 4], [5, 0]], "a_points": [1, 1, 2, 2, 3, 3, 4, 4, 10, 10, 14, 14, 16, 16, 14, 14, 16, 16, 14, 14, 12, 12, 16, 16, 20, 20, 18, 18, 16, 16, 14, 14, 12, 12, 10, 10, 10, 10, 11, 11, 12, 12, 13, 13, 17, 17, 15, 15, 13, 13, 11, 11, 9, 9, 7, 7, 7, 7, 8, 8, 9, 9, 10, 10, 14, 14, 12, 12, 12, 12, 12, 12, 16, 16, 16, 16, 20, 20, 18, 18], "b_points": [0, 1, 1, 2, 2, 3, 3, 4, 4, 5, 5, 6, 6, 7, 7, 8, 8, 9, 9, 10, 10, 11, 11, 12, 12, 16, 16, 20, 20, 20, 20, 21, 21, 22, 22, 23, 23, 27, 27, 31, 31, 29, 29, 27, 27, 25, 25, 23, 23, 21, 21, 19, 19, 17, 17, 21, 21, 19, 19, 17, 17, 15, 15, 13, 13, 11, 11, 15, 15, 19, 19, 19, 19, 20, 20, 21, 21, 22, 22, 26], "a_turns_left": [39, 39, 38, 38, 37, 37, 36, 36, 35, 35, 34, 34, 33, 33, 32, 32, 31, 31, 30, 30, 29, 29, 28, 28, 27, 27, 26, 26, 25, 25, 24, 24, 23, 23, 22, 22, 21, 21, 20, 20, 19, 19, 18, 18, 17, 17, 16, 16, 15, 15, 14, 14, 13, 13, 12, 12, 11, 11, 10, 10, 9, 9, 8, 8, 7, 7, 6, 6, 5, 5, 4, 4, 3, 3, 2, 2, 1, 1, 0, 0], "b_turns_left": [40, 39, 39, 38, 38, 37, 37, 36, 36, 35, 35, 34, 34, 33, 33, 32, 32, 31, 31, 30, 30, 29, 29, 28, 28, 27, 27, 26, 26, 25, 25, 24, 24, 23, 23, 22, 22, 21, 21, 20, 20, 19, 19, 18, 18, 17, 17, 16, 16, 15, 15, 14, 14, 13, 13, 12, 12, 11, 11, 10, 10, 9, 9, 8, 8, 7, 7, 6, 6, 5, 5, 4, 4, 3, 3, 2, 2, 1, 1, 0], "a_time_left": [359.9986776000587, 359.9986776000587, 359.9980410001008, 359.9980410001008, 359.9973522000946, 359.9973522000946, 359.9965292001143, 359.9965292001143, 359.9957337001106, 359.9957337001106, 359.995143200038, 359.995143200038, 359.99455220007803, 359.99455220007803, 359.99377910012845, 359.99377910012845, 359.9928217000561, 359.9928217000561, 359.9920324999839, 359.9920324999839, 359.99069709994365, 359.99069709994365, 359.9901295999298, 359.9901295999298, 359.98942109989, 359.98942109989, 359.9888845998794, 359.9888845998794, 359.9882229998475, 359.9882229998475, 359.98773179983255, 359.98773179983255, 359.98710539983585, 359.98710539983585, 359.98651549988426, 359.98651549988426, 359.9859318998642, 359.9859318998642, 359.98523379978724, 359.98523379978724, 359.98266199976206, 359.98266199976206, 359.98210289981216, 359.98210289981216, 359.9815263997298, 359.9815263997298, 359.98101929971017, 359.98101929971017, 359.9805496997433, 359.9805496997433, 359.9800942997681, 359.9800942997681, 359.97955939976964, 359.97955939976964, 359.97897539974656, 359.97897539974656, 359.9762793998234, 359.9762793998234, 359.9758580997586, 359.9758580997586, 359.9754164997721, 359.9754164997721, 359.9748803997645, 359.9748803997645, 359.97427949972916, 359.97427949972916, 359.97375279979315, 359.97375279979315, 359.97067709977273, 359.97067709977273, 359.9683581996942, 359.9683581996942, 359.96781349973753, 359.96781349973753, 359.9673923997907, 359.9673923997907, 359.96633819979616, 359.96633819979616, 359.965820599813, 359.965820599813], "b_time_left": [360, 359.99850700004026, 359.99850700004026, 359.99792130012065, 359.99792130012065, 359.99724240018986, 359.99724240018986, 359.99647400027607, 359.99647400027607, 359.99559930025134, 359.99559930025134, 359.99179780029226, 359.99179780029226, 359.9910888002487, 359.9910888002487, 359.99031790031586, 359.99031790031586, 359.98939790041186, 359.98939790041186, 359.98866490041837, 359.98866490041837, 359.9879039004445, 359.9879039004445, 359.98468290048186, 359.98468290048186, 359.9811625004513, 359.9811625004513, 359.98042920045555, 359.98042920045555, 359.97964190051425, 359.97964190051425, 359.9789513004944, 359.9789513004944, 359.9779099004809, 359.9779099004809, 359.97712060052436, 359.97712060052436, 359.97620520053897, 359.97620520053897, 359.975663800491, 359.975663800491, 359.975246800459, 359.975246800459, 359.9748321004445, 359.9748321004445, 359.97428050043527, 359.97428050043527, 359.97376540047117, 359.97376540047117, 359.9732024004916, 359.9732024004916, 359.97267080040183, 359.97267080040183, 359.97213800041936, 359.97213800041936, 359.97164590039756, 359.97164590039756, 359.971238600323, 359.971238600323, 359.97083790029865, 359.97083790029865, 359.9703671003226, 359.9703671003226, 359.9698499003425, 359.9698499003425, 359.9693221002817, 359.9693221002817, 359.96884730027523, 359.96884730027523, 359.96837790030986, 359.96837790030986, 359.96786610025447, 359.96786610025447, 359.96605110017117, 359.96605110017117, 359.9654813001398, 359.9654813001398, 359.9629913001554, 359.9629913001554, 359.96241810009815], "rat_caught": [false, false, false, false, false, false, false, false, false, false, true, false, false, false, false, false, false, false, false, false, false, false, true, false, true, false, false, false, false, false, false, false, false, false, false, false, false, false, false, true, false, false, false, false, false, false, false, false, false, false, false, false, false, false, false, true, false, false, false, false, false, false, false, false, false, false, false, true, false, true, false, false, true, false, false, false, true, false, false, false], "left_behind": ["prime", "prime", "prime", "prime", "prime", "prime", "prime", "prime", "carpet", "prime", "search", "prime", "carpet", "prime", "search", "prime", "carpet", "prime", "search", "prime", "search", "prime", "search", "prime", "search", "carpet", "search", "carpet", "search", "plain", "search", "prime", "search", "prime", "search", "prime", "plain", "carpet", "prime", "search", "prime", "search", "prime", "search", "carpet", "search", "search", "search", "search", "search", "search", "search", "search", "search", "search", "search", "plain", "search", "prime", "search", "prime", "search", "prime", "search", "carpet", "search", "search", "search", "plain", "search", "plain", "plain", "search", "prime", "plain", "prime", "search", "prime", "search", "carpet"], "errlog_a": "commentary failed", "errlog_b": "commentary failed", "start_time": 360, "start_moves": 80, "turn_count": 80, "result": 1, "reason": "POINTS", "trapdoors": [[4, 0], [4, 0], [5, 0], [5, 0], [5, 0], [5, 0], [4, 0], [4, 0], [4, 0], [4, 1], [4, 0], [2, 4], [2, 4], [2, 4], [2, 4], [2, 4], [2, 4], [2, 4], [2, 4], [3, 4], [3, 4], [3, 5], [3, 5], [4, 2], [4, 2], [2, 5], [1, 5], [1, 4], [1, 4], [1, 5], [1, 5], [2, 5], [2, 5], [2, 6], [2, 6], [2, 6], [2, 6], [2, 6], [2, 6], [2, 6], [7, 4], [6, 4], [6, 4], [6, 4], [6, 4], [6, 4], [6, 4], [6, 4], [5, 4], [5, 4], [5, 4], [4, 4], [4, 4], [4, 4], [4, 4], [4, 5], [7, 5], [6, 5], [6, 5], [6, 4], [6, 4], [6, 4], [5, 4], [4, 4], [3, 4], [3, 3], [3, 3], [2, 3], [3, 4], [3, 4], [0, 7], [0, 6], [0, 6], [5, 1], [5, 2], [6, 2], [6, 2], [7, 2], [7, 2], [7, 2], [7, 2]], "spawn_a": [3, 3], "spawn_b": [4, 3]}