{"pos": [[3, 4], [4, 4], [3, 3], [4, 3], [3, 2], [3, 3], [4, 2], [4, 3], [5, 2], [3, 3], [6, 2], [3, 3], [7, 2], [3, 3], [3, 2], [3, 3]], "a_points": [1, 1, 2, 2, 3, 3, 4, 4, 5, 5, 6, 6, 7, 7, 13, 13], "b_points": [0, 1, 1, 2, 2, 1, 1, 1, 1, 2, 2, 0, 0, -2, -2, -4], "a_turns_left": [39, 39, 38, 38, 37, 37, 36, 36, 35, 35, 34, 34, 33, 33, 32, 32], "b_turns_left": [40, 39, 39, 38, 38, 37, 37, 36, 36, 35, 35, 34, 34, 33, 33, 32], "a_time_left": [355.9719698999543, 355.9719698999543, 351.95348089991603, 351.95348089991603, 347.9347701999359, 347.9347701999359, 343.9200460999273, 343.9200460999273, 339.9000989999622, 339.9000989999622, 335.88872039993294, 335.88872039993294, 331.88096009998117, 331.88096009998117, 327.8737677000463, 327.8737677000463], "b_time_left": [360, 355.97582269995473, 355.97582269995473, 351.9561450999463, 351.9561450999463, 347.93392289988697, 347.93392289988697, 343.9187657999573, 343.9187657999573, 339.9002943999367, 339.9002943999367, 335.8858933999436, 335.8858933999436, 331.87712919991463, 331.87712919991463, 327.8675639999565], "rat_caught": [false, false, false, false, false, false, false, false, false, false, false, false, false, false, false, false], "left_behind": ["prime", "prime", "prime", "prime", "prime", "carpet", "prime", "plain", "prime", "prime", "prime", "search", "prime", "search", "carpet", "search"], "errlog_a": "Timeout", "errlog_b": "commentary failed", "start_time": 360, "start_moves": 80, "turn_count": 16, "result": 1, "reason": "CODE_CRASH", "trapdoors": [[6, 5], [6, 5], [6, 5], [6, 4], [6, 4], [6, 4], [6, 4], [6, 4], [6, 4], [6, 4], [6, 3], [6, 3], [5, 3], [5, 3], [5, 3], [5, 3], [5, 3], [5, 3]], "spawn_a": [3, 5], "spawn_b": [4, 5]}