{"pos": [[3, 1], [4, 3], [3, 2], [4, 3], [3, 3], [4, 4], [3, 2], [4, 5], [3, 1], [3, 5], [3, 0], [3, 4], [3, 1], [2, 4], [3, 2], [2, 5], [2, 2]], "a_points": [0, 0, 0, 0, 0, 0, 1, 1, 2, 2, 2, 2, 3, 3, 2, 2, 2], "b_points": [0, 0, 0, 4, 4, 5, 5, 6, 6, 7, 7, 8, 8, 9, 9, 10, 10], "a_turns_left": [39, 39, 38, 38, 37, 37, 36, 36, 35, 35, 34, 34, 33, 33, 32, 32, 31], "b_turns_left": [40, 39, 39, 38, 38, 37, 37, 36, 36, 35, 35, 34, 34, 33, 33, 32, 32], "a_time_left": [352.29320769995684, 352.29320769995684, 344.57014569995226, 344.57014569995226, 336.7882199999294, 336.7882199999294, 328.9722970999428, 328.9722970999428, 321.1440365999588, 321.1440365999588, 313.2721937999595, 313.2721937999595, 305.3841509000049, 305.3841509000049, 297.4636766000185, 297.4636766000185, 289.50186560000293], "b_time_left": [360, 352.2480626000324, 352.2480626000324, 352.247813199996, 352.247813199996, 344.2894339999766, 344.2894339999766, 336.3011478999979, 336.3011478999979, 328.2874481000472, 328.2874481000472, 320.3108302000328, 320.3108302000328, 312.2431978000095, 312.2431978000095, 304.1858663999592, 304.1858663999592], "rat_caught": [false, false, false, true, false, false, false, false, false, false, false, false, false, false, false, false, false], "left_behind": ["plain", "plain", "plain", "search", "plain", "prime", "prime", "prime", "prime", "prime", "plain", "prime", "prime", "prime", "carpet", "prime", "plain"], "errlog_a": "commentary failed", "errlog_b": "Timeout", "start_time": 360, "start_moves": 80, "turn_count": 17, "result": 0, "reason": "CODE_CRASH", "trapdoors": [[4, 3], [4, 3], [4, 3], [4, 3], [2, 7], [2, 7], [2, 7], [1, 7], [2, 7], [3, 7], [4, 7], [4, 6], [4, 5], [4, 4], [4, 3], [5, 3], [5, 3], [5, 3], [5, 3]], "spawn_a": [3, 2], "spawn_b": [4, 2]}