{"pos": [[2, 4], [5, 4], [2, 3], [5, 3], [2, 5], [5, 2], [3, 5], [5, 5], [3, 4], [4, 5], [3, 3], [4, 5], [3, 2], [3, 5], [3, 2], [3, 3], [3, 1], [4, 3], [4, 1], [3, 3], [4, 0], [3, 1], [3, 0], [3, 2], [3, 1], [2, 2], [3, 2], [2, 3], [3, 2], [2, 4], [3, 2], [2, 2], [3, 2], [1, 2], [4, 2], [1, 3], [4, 2], [1, 4], [4, 2], [1, 2], [4, 2], [0, 2], [5, 2], [0, 3], [5, 3], [0, 4], [5, 4], [1, 4], [5, 4], [2, 4], [5, 5], [3, 4], [4, 5], [4, 4], [4, 5], [4, 1], [4, 5], [4, 0], [4, 6], [4, 1], [4, 6], [4, 2], [4, 6], [4, 3], [3, 6], [4, 4], [2, 6], [4, 3], [2, 5], [4, 6], [2, 5], [2, 6], [2, 5], [2, 7], [2, 4], [3, 7], [0, 4], [4, 7], [0, 4], [2, 7]], "a_points": [1, 1, 2, 2, 4, 4, 4, 4, 5, 5, 6, 6, 7, 7, 11, 11, 12, 12, 13, 13, 14, 14, 14, 14, 15, 15, 15, 15, 13, 13, 11, 11, 9, 9, 9, 9, 7, 7, 11, 11, 15, 15, 16, 16, 17, 17, 17, 17, 21, 21, 21, 21, 21, 21, 19, 19, 17, 17, 18, 18, 22, 22, 20, 20, 21, 21, 22, 22, 23, 23, 21, 21, 25, 25, 25, 25, 27, 27, 25, 25], "b_points": [0, 1, 1, 2, 2, 3, 3, 7, 7, 7, 7, 11, 11, 10, 10, 12, 12, 12, 12, 13, 13, 15, 15, 15, 15, 15, 15, 16, 16, 17, 17, 19, 19, 19, 19, 20, 20, 21, 21, 23, 23, 23, 23, 24, 24, 25, 25, 26, 26, 27, 27, 27, 27, 27, 27, 31, 31, 31, 31, 32, 32, 32, 32, 32, 32, 32, 32, 33, 33, 37, 37, 39, 39, 39, 39, 40, 40, 41, 41, 43], "a_turns_left": [39, 39, 38, 38, 37, 37, 36, 36, 35, 35, 34, 34, 33, 33, 32, 32, 31, 31, 30, 30, 29, 29, 28, 28, 27, 27, 26, 26, 25, 25, 24, 24, 23, 23, 22, 22, 21, 21, 20, 20, 19, 19, 18, 18, 17, 17, 16, 16, 15, 15, 14, 14, 13, 13, 12, 12, 11, 11, 10, 10, 9, 9, 8, 8, 7, 7, 6, 6, 5, 5, 4, 4, 3, 3, 2, 2, 1, 1, 0, 0], "b_turns_left": [40, 39, 39, 38, 38, 37, 37, 36, 36, 35, 35, 34, 34, 33, 33, 32, 32, 31, 31, 30, 30, 29, 29, 28, 28, 27, 27, 26, 26, 25, 25, 24, 24, 23, 23, 22, 22, 21, 21, 20, 20, 19, 19, 18, 18, 17, 17, 16, 16, 15, 15, 14, 14, 13, 13, 12, 12, 11, 11, 10, 10, 9, 9, 8, 8, 7, 7, 6, 6, 5, 5, 4, 4, 3, 3, 2, 2, 1, 1, 0], "a_time_left": [352.336162099964, 352.336162099964, 344.5691034999327, 344.5691034999327, 336.8419706999557, 336.8419706999557, 329.07970279990695, 329.07970279990695, 321.26115969993407, 321.26115969993407, 313.3898608999443, 313.3898608999443, 305.5077219999512, 305.5077219999512, 301.37321509991307, 301.37321509991307, 294.19644269987475, 294.19644269987475, 286.59696479985723, 286.59696479985723, 281.3430272998521, 281.3430272998521, 279.7381768998457, 279.7381768998457, 276.52792359987507, 276.52792359987507, 270.06834939989494, 270.06834939989494, 262.05222629988566, 262.05222629988566, 255.64851049991557, 255.64851049991557, 252.68410149990814, 252.68410149990814, 246.42133909993572, 246.42133909993572, 246.42106029996648, 246.42106029996648, 246.42083659995114, 246.42083659995114, 246.4206162999617, 246.4206162999617, 242.9500996999559, 242.9500996999559, 237.63346999994246, 237.63346999994246, 233.3948196999263, 233.3948196999263, 233.39455989992712, 233.39455989992712, 226.89216609991854, 226.89216609991854, 222.67112889996497, 222.67112889996497, 222.67086670000572, 222.67086670000572, 222.67055899999104, 222.67055899999104, 219.08377079997445, 219.08377079997445, 219.08351769996807, 219.08351769996807, 219.08332959999098, 219.08332959999098, 213.38255099998787, 213.38255099998787, 205.35635809996165, 205.35635809996165, 202.30641659995308, 202.30641659995308, 202.30616489995737, 202.30616489995737, 202.30590259993915, 202.30590259993915, 201.73824789992068, 201.73824789992068, 201.46578589989804, 201.46578589989804, 201.46554809989175, 201.46554809989175], "b_time_left": [360, 352.2706979000359, 352.2706979000359, 344.5330913000507, 344.5330913000507, 336.777563700045, 336.777563700045, 329.0230711000622, 329.0230711000622, 321.22256450005807, 321.22256450005807, 313.35671520006144, 313.35671520006144, 307.2679887000704, 307.2679887000704, 301.7079021000536, 301.7079021000536, 295.9289235000615, 295.9289235000615, 287.87926010007504, 287.87926010007504, 284.30971210007556, 284.30971210007556, 282.4138786000549, 282.4138786000549, 277.7585996000562, 277.7585996000562, 271.0675486000255, 271.0675486000255, 263.04492180002853, 263.04492180002853, 255.6725931999972, 255.6725931999972, 251.60858749999898, 251.60858749999898, 243.59716299996944, 243.59716299996944, 235.59053929999936, 235.59053929999936, 227.6126519999816, 227.6126519999816, 223.3082640999928, 223.3082640999928, 217.58804589998908, 217.58804589998908, 211.55783379997592, 211.55783379997592, 205.12627089995658, 205.12627089995658, 198.94799579994287, 198.94799579994287, 194.45744739996735, 194.45744739996735, 190.81400309997844, 190.81400309997844, 187.41501749993768, 187.41501749993768, 184.12134509993484, 184.12134509993484, 181.51862939994317, 181.51862939994317, 178.08354329993017, 178.08354329993017, 172.52808869996807, 172.52808869996807, 165.79817229998298, 165.79817229998298, 160.75360409996938, 160.75360409996938, 157.6818379999604, 157.6818379999604, 155.82964199996786, 155.82964199996786, 155.34921849996317, 155.34921849996317, 154.67437109991442, 154.67437109991442, 154.5027706999681, 154.5027706999681, 154.46079769998323], "rat_caught": [false, false, false, false, false, false, false, false, false, false, false, true, false, false, true, false, false, false, false, false, false, false, false, false, false, false, false, false, false, false, false, false, false, false, false, false, false, false, true, false, true, false, false, false, false, false, false, false, true, false, false, false, false, false, false, false, false, false, false, false, true, false, false, false, false, false, false, false, false, false, false, false, true, false, false, false, false, false, false, false], "left_behind": ["prime", "prime", "prime", "prime", "carpet", "prime", "plain", "carpet", "prime", "plain", "prime", "search", "prime", "carpet", "search", "carpet", "prime", "plain", "prime", "prime", "prime", "carpet", "plain", "plain", "prime", "plain", "plain", "prime", "search", "prime", "search", "carpet", "search", "plain", "plain", "prime", "search", "prime", "search", "carpet", "search", "plain", "prime", "prime", "prime", "prime", "plain", "prime", "search", "prime", "plain", "plain", "plain", "plain", "search", "carpet", "search", "plain", "prime", "prime", "search", "plain", "search", "plain", "prime", "plain", "prime", "prime", "prime", "carpet", "search", "carpet", "search", "plain", "plain", "prime", "carpet", "prime", "search", "carpet"], "errlog_a": "Turn 40 done. Search depths reached: [1, 2, 3, 4, 5, 6]. Rat peak belief at (0, 3), EV=2.71. Last search stats: nodes=317, time=0.540s, depths=[1, 2, 3, 4, 5, 6]", "errlog_b": "Turn 40 done. Search depths reached: [1, 2, 3, 4, 5, 6]. Rat peak belief at (1, 5), EV=1.73. Last search stats: nodes=24, time=0.055s, depths=[1, 2, 3, 4, 5, 6]", "start_time": 360, "start_moves": 80, "turn_count": 80, "result": 1, "reason": "POINTS", "trapdoors": [[3, 7], [3, 7], [4, 7], [4, 6], [4, 5], [4, 4], [4, 4], [5, 4], [5, 3], [6, 3], [6, 3], [6, 2], [2, 3], [3, 3], [3, 3], [6, 3], [6, 3], [7, 3], [6, 3], [6, 3], [7, 3], [7, 3], [7, 3], [7, 3], [7, 3], [6, 3], [6, 2], [5, 2], [4, 2], [4, 2], [4, 2], [4, 2], [5, 2], [5, 1], [5, 1], [4, 1], [4, 1], [4, 1], [4, 2], [5, 2], [5, 2], [2, 2], [2, 3], [3, 3], [3, 4], [2, 4], [1, 4], [1, 4], [1, 4], [4, 1], [3, 1], [3, 0], [2, 0], [1, 0], [1, 1], [1, 1], [1, 1], [1, 2], [1, 1], [1, 2], [1, 2], [6, 0], [6, 0], [6, 1], [6, 1], [5, 1], [5, 1], [5, 1], [5, 1], [5, 1], [5, 1], [5, 1], [5, 1], [1, 3], [1, 3], [1, 4], [1, 5], [0, 5], [0, 5], [0, 6], [0, 6]], "spawn_a": [2, 5], "spawn_b": [5, 5]}