{"pos": [[3, 4], [4, 4], [3, 3], [4, 3], [3, 2], [3, 3], [4, 2], [4, 3], [5, 2], [3, 3], [6, 2], [3, 5], [7, 2], [4, 5], [3, 2], [4, 3], [3, 1], [5, 3], [4, 1], [5, 4], [5, 1], [5, 5], [3, 1], [5, 3], [3, 0], [6, 3], [4, 0], [6, 4], [5, 0], [6, 5], [3, 0], [6, 3], [4, 0], [7, 3], [5, 0], [7, 4], [5, 1], [7, 5], [5, 2], [7, 3], [5, 0], [7, 2], [5, 1], [7, 3], [5, 2], [7, 4], [5, 3], [7, 5], [5, 4], [6, 5], [5, 5], [6, 4], [7, 5], [6, 5], [7, 4], [5, 5], [7, 5], [5, 4], [6, 5]], "a_points": [1, 1, 2, 2, 3, 3, 4, 4, 5, 5, 6, 6, 7, 7, 13, 13, 13, 13, 14, 14, 15, 15, 17, 17, 17, 17, 18, 18, 19, 19, 21, 21, 21, 21, 21, 21, 22, 22, 23, 23, 25, 25, 25, 25, 25, 25, 25, 25, 25, 25, 25, 25, 27, 27, 27, 27, 27, 27, 27], "b_points": [0, 1, 1, 2, 2, 1, 1, 1, 1, 2, 2, 4, 4, 3, 3, 5, 5, 5, 5, 6, 6, 7, 7, 9, 9, 9, 9, 10, 10, 11, 11, 13, 13, 13, 13, 14, 14, 15, 15, 17, 17, 17, 17, 18, 18, 18, 18, 18, 18, 19, 19, 20, 20, 20, 20, 20, 20, 21, 21], "a_turns_left": [39, 39, 38, 38, 37, 37, 36, 36, 35, 35, 34, 34, 33, 33, 32, 32, 31, 31, 30, 30, 29, 29, 28, 28, 27, 27, 26, 26, 25, 25, 24, 24, 23, 23, 22, 22, 21, 21, 20, 20, 19, 19, 18, 18, 17, 17, 16, 16, 15, 15, 14, 14, 13, 13, 12, 12, 11, 11, 10], "b_turns_left": [40, 39, 39, 38, 38, 37, 37, 36, 36, 35, 35, 34, 34, 33, 33, 32, 32, 31, 31, 30, 30, 29, 29, 28, 28, 27, 27, 26, 26, 25, 25, 24, 24, 23, 23, 22, 22, 21, 21, 20, 20, 19, 19, 18, 18, 17, 17, 16, 16, 15, 15, 14, 14, 13, 13, 12, 12, 11, 11], "a_time_left": [355.97702780005056, 355.97702780005056, 351.96064890013076, 351.96064890013076, 347.9417194002308, 347.9417194002308, 343.9268740002299, 343.9268740002299, 339.9152804001933, 339.9152804001933, 335.90071710012853, 335.90071710012853, 331.8887379000662, 331.8887379000662, 327.8807036000071, 327.8807036000071, 323.8724595999811, 323.8724595999811, 319.8544614999555, 319.8544614999555, 315.82220439997036, 315.82220439997036, 311.8080161999678, 311.8080161999678, 307.7979276999831, 307.7979276999831, 303.78110309992917, 303.78110309992917, 299.7664425999392, 299.7664425999392, 295.75806489994284, 295.75806489994284, 291.7495994999772, 291.7495994999772, 287.73978409997653, 287.73978409997653, 283.73023939994164, 283.73023939994164, 279.7195847998373, 279.7195847998373, 275.7115306998603, 275.7115306998603, 271.70467689994257, 271.70467689994257, 267.6990117998794, 267.6990117998794, 263.6913078998914, 263.6913078998914, 259.67613739997614, 259.67613739997614, 255.6680268999189, 255.6680268999189, 251.65822059998754, 251.65822059998754, 247.65484209987335, 247.65484209987335, 243.6436326999683, 243.6436326999683, 239.6380948999431], "b_time_left": [360, 355.97784569999203, 355.97784569999203, 351.9597584999865, 351.9597584999865, 347.9382588999579, 347.9382588999579, 343.92851169989444, 343.92851169989444, 339.91110969986767, 339.91110969986767, 335.90161469986197, 335.90161469986197, 331.89389179984573, 331.89389179984573, 327.88484639988746, 327.88484639988746, 323.87408939993475, 323.87408939993475, 319.85016579995863, 319.85016579995863, 315.83566129999235, 315.83566129999235, 311.81899669999257, 311.81899669999257, 307.8075447999872, 307.8075447999872, 303.79000829998404, 303.79000829998404, 299.7772096999688, 299.7772096999688, 295.7705468998756, 295.7705468998756, 291.762866399833, 291.762866399833, 287.7524508999195, 287.7524508999195, 283.7395457999082, 283.7395457999082, 279.7327689998783, 279.7327689998783, 275.72872859984636, 275.72872859984636, 271.7192373998696, 271.7192373998696, 267.7128620998701, 267.7128620998701, 263.70394139981363, 263.70394139981363, 259.69337439979427, 259.69337439979427, 255.68573219969403, 255.68573219969403, 251.6797103997087, 251.6797103997087, 247.67477919964585, 247.67477919964585, 243.66849039960653, 243.66849039960653], "rat_caught": [false, false, false, false, false, false, false, false, false, false, false, false, false, false, false, false, false, false, false, false, false, false, false, false, false, false, false, false, false, false, false, false, false, false, false, false, false, false, false, false, false, false, false, false, false, false, false, false, false, false, false, false, false, false, false, false, false, false, false], "left_behind": ["prime", "prime", "prime", "prime", "prime", "carpet", "prime", "plain", "prime", "prime", "prime", "carpet", "prime", "carpet", "carpet", "carpet", "plain", "plain", "prime", "prime", "prime", "prime", "carpet", "carpet", "plain", "plain", "prime", "prime", "prime", "prime", "carpet", "carpet", "plain", "plain", "plain", "prime", "prime", "prime", "prime", "carpet", "carpet", "plain", "plain", "prime", "plain", "plain", "plain", "plain", "plain", "prime", "plain", "prime", "carpet", "plain", "plain", "plain", "plain", "prime", "plain"], "errlog_a": "commentary failed", "errlog_b": "Timeout", "start_time": 360, "start_moves": 80, "turn_count": 59, "result": 0, "reason": "CODE_CRASH", "trapdoors": [[6, 4], [6, 4], [6, 4], [6, 4], [6, 4], [6, 4], [5, 4], [5, 4], [5, 4], [5, 4], [5, 4], [5, 3], [5, 3], [6, 3], [6, 3], [6, 3], [6, 3], [6, 3], [6, 3], [6, 3], [6, 3], [6, 3], [6, 2], [6, 1], [6, 1], [6, 1], [6, 1], [5, 1], [5, 1], [4, 1], [3, 1], [3, 1], [3, 1], [4, 1], [4, 0], [4, 0], [4, 1], [4, 1], [3, 1], [3, 1], [3, 1], [3, 0], [2, 0], [2, 0], [2, 0], [1, 0], [1, 0], [1, 0], [1, 0], [1, 1], [1, 1], [1, 2], [1, 2], [1, 3], [1, 2], [1, 1], [1, 1], [1, 1], [1, 1], [1, 1], [1, 1]], "spawn_a": [3, 5], "spawn_b": [4, 5]}