{"pos": [[2, 3], [5, 3], [2, 4], [5, 4], [2, 5], [5, 5], [2, 6], [5, 6], [2, 7], [5, 7], [2, 2], [5, 2], [2, 2], [5, 2], [2, 2], [6, 2], [2, 2], [6, 3], [2, 2], [6, 4], [2, 2], [6, 2], [2, 1], [7, 2], [3, 1], [7, 3], [3, 2], [7, 4], [3, 3], [7, 2], [3, 4], [7, 2], [3, 5], [7, 2], [3, 6], [7, 2], [3, 7], [7, 2], [3, 1], [7, 2], [3, 0], [7, 3], [3, 1], [7, 4], [3, 1], [7, 3], [3, 1], [7, 2], [3, 1], [7, 2], [3, 1], [7, 2], [3, 1], [7, 2], [3, 1], [7, 2], [3, 2], [7, 2], [3, 2], [7, 2], [3, 2], [7, 3], [3, 2], [7, 3], [3, 1], [7, 3], [3, 1], [7, 3], [3, 1], [7, 2], [3, 1], [7, 2], [3, 1], [7, 2], [3, 2], [7, 2], [3, 2], [7, 2], [3, 1], [7, 2]], "a_points": [1, 1, 2, 2, 3, 3, 4, 4, 5, 5, 15, 15, 13, 13, 17, 17, 15, 15, 13, 13, 11, 11, 11, 11, 12, 12, 13, 13, 14, 14, 15, 15, 16, 16, 17, 17, 18, 18, 33, 33, 33, 33, 34, 34, 32, 32, 36, 36, 34, 34, 32, 32, 30, 30, 28, 28, 28, 28, 26, 26, 30, 30, 28, 28, 28, 28, 26, 26, 30, 30, 28, 28, 26, 26, 26, 26, 24, 24, 24, 24], "b_points": [0, 1, 1, 2, 2, 3, 3, 4, 4, 5, 5, 15, 15, 13, 13, 13, 13, 14, 14, 15, 15, 17, 17, 17, 17, 18, 18, 19, 19, 21, 21, 25, 25, 23, 23, 21, 21, 19, 19, 23, 23, 23, 23, 23, 23, 24, 24, 24, 24, 22, 22, 20, 20, 18, 18, 22, 22, 20, 20, 18, 18, 18, 18, 16, 16, 14, 14, 12, 12, 12, 12, 10, 10, 14, 14, 12, 12, 10, 10, 8], "a_turns_left": [39, 39, 38, 38, 37, 37, 36, 36, 35, 35, 34, 34, 33, 33, 32, 32, 31, 31, 30, 30, 29, 29, 28, 28, 27, 27, 26, 26, 25, 25, 24, 24, 23, 23, 22, 22, 21, 21, 20, 20, 19, 19, 18, 18, 17, 17, 16, 16, 15, 15, 14, 14, 13, 13, 12, 12, 11, 11, 10, 10, 9, 9, 8, 8, 7, 7, 6, 6, 5, 5, 4, 4, 3, 3, 2, 2, 1, 1, 0, 0], "b_turns_left": [40, 39, 39, 38, 38, 37, 37, 36, 36, 35, 35, 34, 34, 33, 33, 32, 32, 31, 31, 30, 30, 29, 29, 28, 28, 27, 27, 26, 26, 25, 25, 24, 24, 23, 23, 22, 22, 21, 21, 20, 20, 19, 19, 18, 18, 17, 17, 16, 16, 15, 15, 14, 14, 13, 13, 12, 12, 11, 11, 10, 10, 9, 9, 8, 8, 7, 7, 6, 6, 5, 5, 4, 4, 3, 3, 2, 2, 1, 1, 0], "a_time_left": [359.99818130000494, 359.99818130000494, 359.9975992999971, 359.9975992999971, 359.99697360000573, 359.99697360000573, 359.99657280009706, 359.99657280009706, 359.99617719999515, 359.99617719999515, 359.9955820000032, 359.9955820000032, 359.99525659997016, 359.99525659997016, 359.99498989991844, 359.99498989991844, 359.9945679999655, 359.9945679999655, 359.9942135999445, 359.9942135999445, 359.99383229983505, 359.99383229983505, 359.99300079979, 359.99300079979, 359.99215419974644, 359.99215419974644, 359.99107659969013, 359.99107659969013, 359.99027189973276, 359.99027189973276, 359.9898562997114, 359.9898562997114, 359.98677529976703, 359.98677529976703, 359.986404899857, 359.986404899857, 359.9857978998916, 359.9857978998916, 359.9854009998962, 359.9854009998962, 359.9832104998641, 359.9832104998641, 359.9828095998382, 359.9828095998382, 359.9824561999412, 359.9824561999412, 359.9821182999294, 359.9821182999294, 359.981827499927, 359.981827499927, 359.98137749987654, 359.98137749987654, 359.9810318999225, 359.9810318999225, 359.9807442999445, 359.9807442999445, 359.97907510004006, 359.97907510004006, 359.978758100071, 359.978758100071, 359.97848879999947, 359.97848879999947, 359.9782330999151, 359.9782330999151, 359.9779590999242, 359.9779590999242, 359.97758409997914, 359.97758409997914, 359.9772665000055, 359.9772665000055, 359.9769256999716, 359.9769256999716, 359.9766552000074, 359.9766552000074, 359.97511220001616, 359.97511220001616, 359.9747999999672, 359.9747999999672, 359.97413319989573, 359.97413319989573], "b_time_left": [360, 359.99876760004554, 359.99876760004554, 359.99824000010267, 359.99824000010267, 359.9977638000855, 359.9977638000855, 359.9974115000805, 359.9974115000805, 359.9969983000774, 359.9969983000774, 359.99663800012786, 359.99663800012786, 359.99608070007525, 359.99608070007525, 359.99371700000484, 359.99371700000484, 359.99314370006323, 359.99314370006323, 359.99277470004745, 359.99277470004745, 359.99143740010913, 359.99143740010913, 359.9907011000905, 359.9907011000905, 359.9902903001057, 359.9902903001057, 359.989892700105, 359.989892700105, 359.9895514000673, 359.9895514000673, 359.989096699981, 359.989096699981, 359.98873700003605, 359.98873700003605, 359.9884430000093, 359.9884430000093, 359.98799160006456, 359.98799160006456, 359.98750260006636, 359.98750260006636, 359.9872376000276, 359.9872376000276, 359.9869251999771, 359.9869251999771, 359.98657589999493, 359.98657589999493, 359.98422429990023, 359.98422429990023, 359.9838100000052, 359.9838100000052, 359.9832019000314, 359.9832019000314, 359.9828467000043, 359.9828467000043, 359.98251590004656, 359.98251590004656, 359.9822374000214, 359.9822374000214, 359.9819616000168, 359.9819616000168, 359.9794263000367, 359.9794263000367, 359.9791162000038, 359.9791162000038, 359.97857139992993, 359.97857139992993, 359.9782625999069, 359.9782625999069, 359.97527069982607, 359.97527069982607, 359.9749484998174, 359.9749484998174, 359.9747096997453, 359.9747096997453, 359.9744426996913, 359.9744426996913, 359.9741825996898, 359.9741825996898, 359.9739349996671], "rat_caught": [false, false, false, false, false, false, false, false, false, false, false, false, false, false, true, false, false, false, false, false, false, false, false, false, false, false, false, false, false, false, false, true, false, false, false, false, false, false, false, true, false, false, false, false, false, false, true, false, false, false, false, false, false, false, false, true, false, false, false, false, true, false, false, false, false, false, false, false, true, false, false, false, false, true, false, false, false, false, false, false], "left_behind": ["prime", "prime", "prime", "prime", "prime", "prime", "prime", "prime", "prime", "prime", "carpet", "carpet", "search", "search", "search", "plain", "search", "prime", "search", "prime", "search", "carpet", "plain", "plain", "prime", "prime", "prime", "prime", "prime", "carpet", "prime", "search", "prime", "search", "prime", "search", "prime", "search", "carpet", "search", "plain", "plain", "prime", "plain", "search", "prime", "search", "plain", "search", "search", "search", "search", "search", "search", "search", "search", "plain", "search", "search", "search", "search", "plain", "search", "search", "plain", "search", "search", "search", "search", "plain", "search", "search", "search", "search", "plain", "search", "search", "search", "plain", "search"], "errlog_a": "commentary failed", "errlog_b": "commentary failed", "start_time": 360, "start_moves": 80, "turn_count": 80, "result": 0, "reason": "POINTS", "trapdoors": [[5, 0], [4, 0], [4, 1], [4, 1], [4, 1], [4, 2], [4, 3], [4, 3], [4, 3], [4, 3], [4, 3], [5, 3], [4, 3], [4, 3], [5, 3], [5, 5], [5, 5], [5, 5], [4, 5], [4, 6], [4, 7], [5, 7], [5, 6], [5, 7], [5, 7], [6, 7], [6, 7], [6, 7], [6, 7], [6, 7], [7, 7], [7, 7], [6, 7], [6, 7], [6, 7], [6, 7], [7, 7], [7, 7], [7, 6], [7, 6], [1, 7], [0, 7], [1, 7], [0, 7], [0, 6], [0, 5], [0, 5], [4, 2], [4, 2], [4, 3], [4, 3], [4, 3], [4, 3], [4, 3], [5, 3], [5, 3], [3, 2], [3, 2], [3, 2], [3, 2], [3, 2], [0, 2], [0, 2], [0, 2], [0, 2], [0, 1], [0, 1], [0, 1], [0, 1], [3, 3], [2, 3], [2, 3], [2, 2], [2, 3], [0, 1], [0, 1], [0, 1], [0, 1], [0, 1], [0, 1], [0, 1]], "spawn_a": [2, 2], "spawn_b": [5, 2]}