{"pos": [[2, 4], [5, 4], [2, 3], [5, 3], [2, 2], [5, 2], [2, 2], [5, 1]], "a_points": [1, 1, 2, 2, 3, 3, 1, 1], "b_points": [0, 1, 1, 2, 2, 3, 3, 4], "a_turns_left": [39, 39, 38, 38, 37, 37, 36, 36], "b_turns_left": [40, 39, 39, 38, 38, 37, 37, 36], "a_time_left": [355.9791625000071, 355.9791625000071, 351.948289400083, 351.948289400083, 347.9161680000834, 347.9161680000834, 343.89603460009675, 343.89603460009675], "b_time_left": [360, 355.97454640001524, 355.97454640001524, 351.94843650003895, 351.94843650003895, 347.92909130000044, 347.92909130000044, 343.88837499998044], "rat_caught": [false, false, false, false, false, false, false, false], "left_behind": ["prime", "prime", "prime", "prime", "prime", "prime", "search", "prime"], "errlog_a": "Timeout", "errlog_b": "commentary failed", "start_time": 360, "start_moves": 80, "turn_count": 8, "result": 1, "reason": "CODE_CRASH", "trapdoors": [[0, 1], [1, 1], [1, 1], [2, 1], [2, 1], [2, 2], [3, 2], [3, 2], [3, 2], [3, 3]], "spawn_a": [2, 5], "spawn_b": [5, 5]}