{"pos": [[3, 2], [5, 3], [3, 1], [6, 3], [2, 1], [7, 3]], "a_points": [1, 1, 2, 2, 3, 3], "b_points": [0, 1, 1, 2, 2, 3], "a_turns_left": [39, 39, 38, 38, 37, 37], "b_turns_left": [40, 39, 39, 38, 38, 37], "a_time_left": [355.9832593000028, 355.9832593000028, 351.96617890009657, 351.96617890009657, 347.94818740012124, 347.94818740012124], "b_time_left": [360, 355.98284070007503, 355.98284070007503, 351.96548660006374, 351.96548660006374, 347.95166130014695], "rat_caught": [false, false, false, false, false, false], "left_behind": ["prime", "prime", "prime", "prime", "prime", "prime"], "errlog_a": "Timeout", "errlog_b": "commentary failed", "start_time": 360, "start_moves": 80, "turn_count": 6, "result": 1, "reason": "CODE_CRASH", "trapdoors": [[4, 7], [4, 7], [4, 7], [4, 7], [5, 7], [5, 7], [5, 6], [5, 5]], "spawn_a": [3, 3], "spawn_b": [4, 3]}