{"pos": [[2, 3], [5, 3], [2, 4], [5, 4], [3, 4], [5, 5]], "a_points": [1, 1, 2, 2, 3, 3], "b_points": [0, 1, 1, 2, 2, 3], "a_turns_left": [39, 39, 38, 38, 37, 37], "b_turns_left": [40, 39, 39, 38, 38, 37], "a_time_left": [355.97440089995507, 355.97440089995507, 351.94899149995763, 351.94899149995763, 347.92387920001056, 347.92387920001056], "b_time_left": [360, 355.97654609999154, 355.97654609999154, 351.9510147999972, 351.9510147999972, 347.92633379995823], "rat_caught": [false, false, false, false, false, false], "left_behind": ["prime", "prime", "prime", "prime", "prime", "prime"], "errlog_a": "Timeout", "errlog_b": "commentary failed", "start_time": 360, "start_moves": 80, "turn_count": 6, "result": 1, "reason": "CODE_CRASH", "trapdoors": [[3, 2], [3, 2], [2, 2], [2, 3], [2, 3], [2, 3], [2, 3], [2, 3]], "spawn_a": [2, 2], "spawn_b": [5, 2]}