{"pos": [[2, 4], [5, 4], [2, 5], [5, 3], [3, 5], [5, 2], [3, 4], [4, 2], [3, 3], [4, 1], [3, 2], [3, 1], [5, 2], [3, 2], [5, 5], [3, 5], [5, 5], [4, 5], [5, 4], [4, 4], [6, 4], [4, 3], [6, 3], [4, 2], [6, 3], [4, 5], [6, 2], [4, 6], [6, 2], [3, 6], [6, 2], [2, 6], [7, 2], [2, 7], [7, 3], [3, 7], [7, 3], [4, 7], [7, 4], [5, 7], [7, 4], [5, 6], [7, 3], [5, 7], [7, 4], [2, 7], [7, 3], [2, 6], [7, 3], [4, 6], [7, 3], [5, 6], [7, 3], [5, 5], [6, 3], [5, 4], [5, 3], [4, 4], [6, 3], [3, 4], [5, 3], [2, 4], [5, 2], [2, 4], [5, 2], [2, 4], [4, 2], [2, 4], [3, 2], [2, 3], [3, 2], [2, 2], [3, 2], [2, 2], [4, 2], [2, 4], [5, 2], [1, 4], [5, 2], [1, 4]], "a_points": [1, 1, 0, 0, 0, 0, 1, 1, 2, 2, 3, 3, 5, 5, 9, 9, 13, 13, 13, 13, 13, 13, 14, 14, 12, 12, 13, 13, 11, 11, 9, 9, 10, 10, 11, 11, 15, 15, 16, 16, 14, 14, 13, 13, 13, 13, 13, 13, 17, 17, 15, 15, 19, 19, 18, 18, 18, 18, 18, 18, 18, 18, 18, 18, 16, 16, 16, 16, 16, 16, 20, 20, 18, 18, 19, 19, 19, 19, 17, 17], "b_points": [0, 1, 1, 2, 2, 3, 3, 4, 4, 5, 5, 6, 6, 7, 7, 11, 11, 11, 11, 12, 12, 13, 13, 14, 14, 18, 18, 18, 18, 19, 19, 20, 20, 21, 21, 22, 22, 23, 23, 24, 24, 24, 24, 24, 24, 28, 28, 27, 27, 29, 29, 29, 29, 30, 30, 30, 30, 30, 30, 30, 30, 30, 30, 28, 28, 32, 32, 30, 30, 31, 31, 32, 32, 30, 30, 32, 32, 32, 32, 30], "a_turns_left": [39, 39, 38, 38, 37, 37, 36, 36, 35, 35, 34, 34, 33, 33, 32, 32, 31, 31, 30, 30, 29, 29, 28, 28, 27, 27, 26, 26, 25, 25, 24, 24, 23, 23, 22, 22, 21, 21, 20, 20, 19, 19, 18, 18, 17, 17, 16, 16, 15, 15, 14, 14, 13, 13, 12, 12, 11, 11, 10, 10, 9, 9, 8, 8, 7, 7, 6, 6, 5, 5, 4, 4, 3, 3, 2, 2, 1, 1, 0, 0], "b_turns_left": [40, 39, 39, 38, 38, 37, 37, 36, 36, 35, 35, 34, 34, 33, 33, 32, 32, 31, 31, 30, 30, 29, 29, 28, 28, 27, 27, 26, 26, 25, 25, 24, 24, 23, 23, 22, 22, 21, 21, 20, 20, 19, 19, 18, 18, 17, 17, 16, 16, 15, 15, 14, 14, 13, 13, 12, 12, 11, 11, 10, 10, 9, 9, 8, 8, 7, 7, 6, 6, 5, 5, 4, 4, 3, 3, 2, 2, 1, 1, 0], "a_time_left": [352.31685599999037, 352.31685599999037, 344.5836404999718, 344.5836404999718, 336.84618789999513, 336.84618789999513, 331.55670180002926, 331.55670180002926, 323.655900700076, 323.655900700076, 315.78653570008464, 315.78653570008464, 307.884022900078, 307.884022900078, 304.6192948000971, 304.6192948000971, 297.52999430010095, 297.52999430010095, 292.997028800135, 292.997028800135, 289.2511506001465, 289.2511506001465, 284.24494180013426, 284.24494180013426, 280.0740009000874, 280.0740009000874, 273.9267081000726, 273.9267081000726, 265.89432850002777, 265.89432850002777, 258.7145467000082, 258.7145467000082, 254.11437070003012, 254.11437070003012, 252.02131900005043, 252.02131900005043, 248.78909240005305, 248.78909240005305, 245.6338133000536, 245.6338133000536, 243.41717490006704, 243.41717490006704, 241.06308750010794, 241.06308750010794, 239.16706140013412, 239.16706140013412, 237.81576100015081, 237.81576100015081, 236.3235497001442, 236.3235497001442, 234.05673140013823, 234.05673140013823, 231.3025067000999, 231.3025067000999, 229.7808332000859, 229.7808332000859, 226.97779270011233, 226.97779270011233, 223.58506490010768, 223.58506490010768, 218.51406560005853, 218.51406560005853, 214.40740350005217, 214.40740350005217, 209.69336310005747, 209.69336310005747, 205.24214080005186, 205.24214080005186, 197.2142588000861, 197.2142588000861, 189.16098740004236, 189.16098740004236, 186.21568110003136, 186.21568110003136, 184.10155070002656, 184.10155070002656, 183.53624749998562, 183.53624749998562, 183.4178644999629, 183.4178644999629], "b_time_left": [360, 352.2611103999661, 352.2611103999661, 344.51644809998106, 344.51644809998106, 336.7673850999563, 336.7673850999563, 329.010971599957, 329.010971599957, 321.1849393999437, 321.1849393999437, 313.7658574999077, 313.7658574999077, 307.26053279987536, 307.26053279987536, 299.79939169989666, 299.79939169989666, 292.31906219990924, 292.31906219990924, 287.4900818999158, 287.4900818999158, 283.1773324998794, 283.1773324998794, 275.66477949987166, 275.66477949987166, 269.25853259989526, 269.25853259989526, 263.94975729990983, 263.94975729990983, 255.91745009989245, 255.91745009989245, 247.88901299989084, 247.88901299989084, 243.43814329989254, 243.43814329989254, 241.1197653998388, 241.1197653998388, 238.20357789983973, 238.20357789983973, 236.4542560998234, 236.4542560998234, 235.0093973998446, 235.0093973998446, 232.0101197998738, 232.0101197998738, 230.34951599990018, 230.34951599990018, 229.25135329988552, 229.25135329988552, 227.35008129983908, 227.35008129983908, 224.61053289985284, 224.61053289985284, 221.7968363998225, 221.7968363998225, 218.53711699979613, 218.53711699979613, 216.51323599979514, 216.51323599979514, 213.1896840998088, 213.1896840998088, 210.69173339981353, 210.69173339981353, 206.62394619983388, 206.62394619983388, 202.33866679982748, 202.33866679982748, 194.2891635998385, 194.2891635998385, 186.27945679984987, 186.27945679984987, 179.51951819984242, 179.51951819984242, 176.96670879988233, 176.96670879988233, 175.78837489988655, 175.78837489988655, 175.592745599919, 175.592745599919, 175.5151377998991], "rat_caught": [false, false, false, false, false, false, false, false, false, false, false, false, false, false, false, false, true, false, false, false, false, false, false, false, false, false, false, false, false, false, false, false, false, false, false, false, true, false, false, false, false, false, false, false, false, false, false, false, true, false, false, false, true, false, false, false, false, false, false, false, false, false, false, false, false, true, false, false, false, false, true, false, false, false, false, false, false, false, false, false], "left_behind": ["prime", "prime", "carpet", "prime", "plain", "prime", "prime", "prime", "prime", "prime", "prime", "prime", "carpet", "prime", "carpet", "carpet", "search", "plain", "plain", "prime", "plain", "prime", "prime", "prime", "search", "carpet", "prime", "plain", "search", "prime", "search", "prime", "prime", "prime", "prime", "prime", "search", "prime", "prime", "prime", "search", "plain", "carpet", "plain", "plain", "carpet", "plain", "carpet", "search", "carpet", "search", "plain", "search", "prime", "carpet", "plain", "plain", "plain", "plain", "plain", "plain", "plain", "plain", "search", "search", "search", "plain", "search", "plain", "prime", "search", "prime", "search", "search", "prime", "carpet", "plain", "plain", "search", "search"], "errlog_a": "Turn 40 done. Search depths reached: [1, 2, 3, 4, 5, 6]. Rat peak belief at (1, 3), EV=0.87. Last search stats: nodes=79, time=0.227s, depths=[1, 2, 3, 4, 5, 6]", "errlog_b": "Turn 40 done. Search depths reached: [1, 2, 3, 4, 5, 6]. Rat peak belief at (1, 1), EV=1.24. Last search stats: nodes=48, time=0.095s, depths=[1, 2, 3, 4, 5, 6]", "start_time": 360, "start_moves": 80, "turn_count": 80, "result": 1, "reason": "POINTS", "trapdoors": [[6, 3], [6, 3], [6, 3], [6, 2], [6, 2], [5, 2], [5, 2], [5, 2], [4, 2], [4, 3], [4, 3], [4, 4], [4, 4], [3, 4], [3, 4], [3, 5], [3, 5], [7, 0], [7, 0], [6, 0], [6, 1], [6, 1], [6, 1], [6, 1], [6, 1], [6, 1], [6, 1], [5, 1], [5, 2], [5, 2], [5, 2], [5, 1], [5, 1], [5, 1], [5, 1], [5, 2], [6, 2], [1, 2], [1, 2], [2, 2], [2, 3], [2, 4], [2, 4], [2, 4], [2, 4], [3, 4], [3, 4], [3, 4], [3, 4], [6, 1], [6, 1], [6, 1], [6, 2], [0, 4], [0, 4], [0, 4], [0, 4], [0, 4], [0, 4], [0, 4], [0, 3], [0, 3], [0, 3], [0, 3], [0, 3], [0, 2], [5, 3], [4, 3], [4, 3], [3, 3], [3, 3], [0, 2], [0, 3], [0, 3], [0, 3], [0, 3], [0, 2], [0, 2], [0, 2], [0, 2], [0, 2]], "spawn_a": [2, 5], "spawn_b": [5, 5]}