{"pos": [[2, 2], [5, 2], [2, 1], [4, 2], [2, 3], [4, 1], [2, 4], [4, 2], [2, 4], [5, 2], [2, 4], [5, 3], [2, 4], [5, 4], [2, 3], [5, 4], [3, 3], [5, 4], [4, 3], [5, 4], [4, 2], [5, 3], [3, 2], [4, 3], [3, 1], [4, 4], [2, 1], [3, 4], [3, 1], [5, 4], [3, 2], [5, 5], [3, 1], [6, 5], [3, 2], [6, 4], [3, 3], [6, 3], [3, 4], [6, 5], [3, 3], [6, 5], [3, 2], [6, 5], [3, 3], [6, 5], [3, 4], [5, 5], [3, 3], [5, 6], [2, 3], [5, 6], [2, 3], [5, 6], [2, 3], [4, 6], [2, 3], [4, 5], [1, 3], [4, 5], [1, 3], [3, 5], [1, 3], [3, 5], [1, 4], [3, 5], [1, 5], [3, 4], [2, 5], [3, 5], [2, 4], [3, 4], [2, 4], [3, 5], [2, 4], [3, 5], [3, 4], [3, 6], [1, 4], [3, 6]], "a_points": [1, 1, 2, 2, 4, 4, 4, 4, 8, 8, 6, 6, 4, 4, 4, 4, 4, 4, 4, 4, 5, 5, 5, 5, 6, 6, 6, 6, 6, 6, 5, 5, 5, 5, 6, 6, 6, 6, 7, 7, 6, 6, 6, 6, 6, 6, 6, 6, 7, 7, 7, 7, 5, 5, 9, 9, 7, 7, 7, 7, 5, 5, 3, 3, 4, 4, 5, 5, 6, 6, 7, 7, 5, 5, 3, 3, 4, 4, 6, 6], "b_points": [0, 1, 1, 2, 2, 3, 3, 2, 2, 1, 1, 0, 0, 0, 0, 4, 4, 2, 2, 6, 6, 7, 7, 6, 6, 6, 6, 7, 7, 9, 9, 9, 9, 9, 9, 10, 10, 11, 11, 13, 13, 17, 17, 15, 15, 13, 13, 13, 13, 14, 14, 12, 12, 10, 10, 11, 11, 12, 12, 10, 10, 11, 11, 9, 9, 13, 13, 12, 12, 12, 12, 12, 12, 12, 12, 16, 16, 17, 17, 15], "a_turns_left": [39, 39, 38, 38, 37, 37, 36, 36, 35, 35, 34, 34, 33, 33, 32, 32, 31, 31, 30, 30, 29, 29, 28, 28, 27, 27, 26, 26, 25, 25, 24, 24, 23, 23, 22, 22, 21, 21, 20, 20, 19, 19, 18, 18, 17, 17, 16, 16, 15, 15, 14, 14, 13, 13, 12, 12, 11, 11, 10, 10, 9, 9, 8, 8, 7, 7, 6, 6, 5, 5, 4, 4, 3, 3, 2, 2, 1, 1, 0, 0], "b_turns_left": [40, 39, 39, 38, 38, 37, 37, 36, 36, 35, 35, 34, 34, 33, 33, 32, 32, 31, 31, 30, 30, 29, 29, 28, 28, 27, 27, 26, 26, 25, 25, 24, 24, 23, 23, 22, 22, 21, 21, 20, 20, 19, 19, 18, 18, 17, 17, 16, 16, 15, 15, 14, 14, 13, 13, 12, 12, 11, 11, 10, 10, 9, 9, 8, 8, 7, 7, 6, 6, 5, 5, 4, 4, 3, 3, 2, 2, 1, 1, 0], "a_time_left": [352.311523500015, 352.311523500015, 344.6098171999911, 344.6098171999911, 336.8553709000116, 336.8553709000116, 329.05180180002935, 329.05180180002935, 329.051555300015, 329.051555300015, 321.02072460000636, 321.02072460000636, 313.0147359999828, 313.0147359999828, 304.9656512999791, 304.9656512999791, 296.8790362999425, 296.8790362999425, 288.82491509988904, 288.82491509988904, 280.78156339988345, 280.78156339988345, 274.0583422998898, 274.0583422998898, 266.0258567999117, 266.0258567999117, 257.9885468999273, 257.9885468999273, 249.96269599994412, 249.96269599994412, 241.90337079990422, 241.90337079990422, 233.835567999864, 233.835567999864, 225.77573459985433, 225.77573459985433, 218.77481659984915, 218.77481659984915, 211.57292129984125, 211.57292129984125, 203.49751189985545, 203.49751189985545, 195.4566140998504, 195.4566140998504, 187.40723039989825, 187.40723039989825, 179.36000619991682, 179.36000619991682, 171.3356300999294, 171.3356300999294, 165.39248999994015, 165.39248999994015, 161.36874899995746, 161.36874899995746, 156.77106999995885, 156.77106999995885, 148.71251489996212, 148.71251489996212, 141.23689099994954, 141.23689099994954, 133.19073879992357, 133.19073879992357, 133.19041879993165, 133.19041879993165, 125.15115949988831, 125.15115949988831, 117.09590429993114, 117.09590429993114, 109.06788459990639, 109.06788459990639, 101.63574759993935, 101.63574759993935, 99.2309289999539, 99.2309289999539, 97.41850019997219, 97.41850019997219, 96.7286027999944, 96.7286027999944, 96.6514835000271, 96.6514835000271], "b_time_left": [360, 352.30322609998984, 352.30322609998984, 344.6126168000046, 344.6126168000046, 336.842696000007, 336.842696000007, 329.05207600002177, 329.05207600002177, 321.25519719999284, 321.25519719999284, 313.4314513000427, 313.4314513000427, 305.49093590007396, 305.49093590007396, 297.54940730013186, 297.54940730013186, 289.5492515001097, 289.5492515001097, 289.54898460011464, 289.54898460011464, 281.53330210014246, 281.53330210014246, 273.48874710017117, 273.48874710017117, 265.4644477001857, 265.4644477001857, 257.42838760017185, 257.42838760017185, 249.35391730017727, 249.35391730017727, 241.2992106002057, 241.2992106002057, 233.23323160019936, 233.23323160019936, 225.20330920018023, 225.20330920018023, 217.18602000019746, 217.18602000019746, 209.10245160019258, 209.10245160019258, 209.10192930023186, 209.10192930023186, 209.1016593002132, 209.1016593002132, 209.10127130022738, 209.10127130022738, 201.06583960022544, 201.06583960022544, 193.03357720025815, 193.03357720025815, 185.0010914002778, 185.0010914002778, 176.92565900023328, 176.92565900023328, 168.88333380018594, 168.88333380018594, 160.82334840018302, 160.82334840018302, 152.783585800149, 152.783585800149, 144.76353110017953, 144.76353110017953, 137.01692140020896, 137.01692140020896, 128.95258830016246, 128.95258830016246, 120.90676010015886, 120.90676010015886, 112.88738030014792, 112.88738030014792, 104.86613010009751, 104.86613010009751, 102.53991260012845, 102.53991260012845, 101.33625670016045, 101.33625670016045, 101.12076320016058, 101.12076320016058, 101.0776684001903], "rat_caught": [false, false, false, false, false, false, false, false, true, false, false, false, false, false, false, true, false, false, false, true, false, false, false, false, false, false, false, false, false, false, false, false, false, false, false, false, false, false, false, false, false, true, false, false, false, false, false, false, false, false, false, false, false, false, true, false, false, false, false, false, false, false, false, false, false, true, false, false, false, false, false, false, false, false, false, true, false, false, false, false], "left_behind": ["prime", "prime", "prime", "prime", "carpet", "prime", "plain", "carpet", "search", "carpet", "search", "carpet", "search", "plain", "plain", "search", "plain", "search", "plain", "search", "prime", "prime", "plain", "carpet", "prime", "plain", "plain", "prime", "plain", "carpet", "carpet", "plain", "plain", "plain", "prime", "prime", "plain", "prime", "prime", "carpet", "carpet", "search", "plain", "search", "plain", "search", "plain", "plain", "prime", "prime", "plain", "search", "search", "search", "search", "prime", "search", "prime", "plain", "search", "search", "prime", "search", "search", "prime", "search", "prime", "carpet", "prime", "plain", "prime", "plain", "search", "plain", "search", "search", "prime", "prime", "carpet", "search"], "errlog_a": "Turn 40 done. Search depths reached: [1, 2, 3, 4, 5, 6]. Rat peak belief at (3, 3), EV=-0.42. Last search stats: nodes=75, time=0.148s, depths=[1, 2, 3, 4, 5, 6]", "errlog_b": "Turn 40 done. Search depths reached: [1, 2, 3, 4, 5, 6]. Rat peak belief at (6, 4), EV=0.87. Last search stats: nodes=30, time=0.056s, depths=[1, 2, 3, 4, 5, 6]", "start_time": 360, "start_moves": 80, "turn_count": 80, "result": 1, "reason": "POINTS", "trapdoors": [[6, 1], [6, 1], [6, 1], [6, 0], [6, 0], [7, 0], [7, 0], [7, 0], [7, 0], [0, 2], [0, 1], [0, 1], [0, 1], [0, 0], [0, 0], [0, 0], [0, 0], [0, 0], [0, 0], [0, 0], [4, 7], [4, 7], [4, 7], [4, 7], [4, 7], [3, 7], [4, 7], [4, 7], [4, 7], [4, 7], [3, 7], [2, 7], [1, 7], [1, 7], [2, 7], [2, 7], [1, 7], [1, 7], [1, 7], [1, 7], [0, 7], [0, 7], [5, 0], [5, 0], [6, 0], [6, 0], [6, 0], [6, 0], [6, 0], [5, 0], [5, 0], [5, 1], [6, 1], [6, 2], [6, 3], [3, 1], [3, 2], [3, 2], [4, 2], [4, 2], [4, 2], [5, 2], [5, 2], [5, 3], [5, 3], [5, 3], [4, 0], [4, 0], [4, 1], [4, 1], [5, 1], [5, 1], [5, 1], [6, 1], [7, 1], [7, 1], [3, 2], [4, 2], [4, 2], [3, 2], [3, 2]], "spawn_a": [2, 3], "spawn_b": [5, 3]}