{"pos": [[3, 4], [4, 4], [3, 3], [4, 3], [3, 2], [3, 3], [3, 1], [4, 3], [3, 0], [4, 2], [3, 2], [4, 5], [3, 3], [3, 5], [2, 3], [3, 6], [2, 2], [4, 6], [2, 1], [5, 6], [2, 0], [5, 5], [2, 3], [5, 4], [2, 4], [5, 3], [1, 4], [5, 2], [0, 4], [5, 1], [3, 4], [5, 6], [3, 5], [3, 6]], "a_points": [1, 1, 2, 2, 3, 3, 4, 4, 5, 5, 7, 7, 7, 7, 7, 7, 8, 8, 9, 9, 10, 10, 14, 14, 14, 14, 15, 15, 16, 16, 20, 20, 20, 20], "b_points": [0, 1, 1, 2, 2, 1, 1, 1, 1, 2, 2, 6, 6, 5, 5, 5, 5, 6, 6, 7, 7, 8, 8, 9, 9, 10, 10, 11, 11, 12, 12, 22, 22, 24], "a_turns_left": [39, 39, 38, 38, 37, 37, 36, 36, 35, 35, 34, 34, 33, 33, 32, 32, 31, 31, 30, 30, 29, 29, 28, 28, 27, 27, 26, 26, 25, 25, 24, 24, 23, 23], "b_turns_left": [40, 39, 39, 38, 38, 37, 37, 36, 36, 35, 35, 34, 34, 33, 33, 32, 32, 31, 31, 30, 30, 29, 29, 28, 28, 27, 27, 26, 26, 25, 25, 24, 24, 23], "a_time_left": [355.974569800077, 355.974569800077, 351.95731309999246, 351.95731309999246, 347.94002169999294, 347.94002169999294, 343.926252599922, 343.926252599922, 339.9109548999695, 339.9109548999695, 335.8914995000232, 335.8914995000232, 331.8812126000412, 331.8812126000412, 327.8721129000187, 327.8721129000187, 323.8489142000908, 323.8489142000908, 319.8373877000995, 319.8373877000995, 315.82355290011037, 315.82355290011037, 311.8139442001702, 311.8139442001702, 307.80351700016763, 307.80351700016763, 303.78206780017354, 303.78206780017354, 299.75696820020676, 299.75696820020676, 295.74480210023466, 295.74480210023466, 291.73721320030745, 291.73721320030745], "b_time_left": [360, 355.9749770000344, 355.9749770000344, 351.9542840999784, 351.9542840999784, 347.9363172999583, 347.9363172999583, 343.9242638000287, 343.9242638000287, 339.9077830000315, 339.9077830000315, 335.89598310005385, 335.89598310005385, 331.8874957001535, 331.8874957001535, 327.878789300099, 327.878789300099, 323.8585267000599, 323.8585267000599, 319.8452514000237, 319.8452514000237, 315.8392882000189, 315.8392882000189, 311.8319647000171, 311.8319647000171, 307.80987610004377, 307.80987610004377, 303.7877076000441, 303.7877076000441, 299.77271550009027, 299.77271550009027, 295.7626603001263, 295.7626603001263, 291.75484040018637], "rat_caught": [false, false, false, false, false, false, false, false, false, false, false, false, false, false, false, false, false, false, false, false, false, false, false, false, false, false, false, false, false, false, false, false, false, false], "left_behind": ["prime", "prime", "prime", "prime", "prime", "carpet", "prime", "plain", "prime", "prime", "carpet", "carpet", "plain", "carpet", "plain", "plain", "prime", "prime", "prime", "prime", "prime", "prime", "carpet", "prime", "plain", "prime", "prime", "prime", "prime", "prime", "carpet", "carpet", "plain", "carpet"], "errlog_a": "Timeout", "errlog_b": "commentary failed", "start_time": 360, "start_moves": 80, "turn_count": 34, "result": 1, "reason": "CODE_CRASH", "trapdoors": [[2, 0], [1, 0], [1, 0], [1, 0], [0, 0], [0, 0], [0, 1], [1, 1], [1, 2], [0, 2], [0, 2], [0, 3], [0, 3], [1, 3], [0, 3], [1, 3], [0, 3], [0, 2], [0, 3], [0, 3], [1, 3], [1, 3], [1, 3], [2, 3], [2, 3], [2, 3], [2, 2], [2, 3], [3, 3], [3, 4], [3, 4], [3, 4], [4, 4], [4, 3], [4, 3], [5, 3]], "spawn_a": [3, 5], "spawn_b": [4, 5]}