{"pos": [[3, 3], [4, 3], [3, 4], [4, 4], [3, 5], [3, 4], [4, 5], [4, 4], [5, 5], [3, 4], [6, 5], [3, 2], [7, 5], [4, 2], [3, 5], [4, 4], [3, 6], [5, 4], [4, 6], [5, 3], [5, 6], [5, 2], [3, 6], [5, 1], [3, 7], [5, 0], [4, 7], [5, 4], [5, 7], [6, 4], [3, 7], [6, 3], [4, 7], [7, 3], [5, 7], [7, 4], [5, 6], [7, 5], [5, 5], [6, 5], [5, 7], [6, 3], [5, 6], [7, 3], [5, 5], [7, 5], [4, 5], [6, 5], [3, 5], [5, 5], [2, 5], [4, 5], [2, 4], [4, 4], [2, 3], [4, 3], [2, 2], [4, 2], [2, 5], [4, 1], [1, 5], [3, 1], [1, 4], [2, 1], [1, 3], [4, 1], [1, 5], [4, 0], [0, 5], [3, 0], [0, 4], [2, 0], [0, 3], [4, 0], [0, 5], [5, 0], [0, 4], [5, 1], [0, 3], [4, 1]], "a_points": [1, 1, 2, 2, 3, 3, 4, 4, 5, 5, 6, 6, 7, 7, 13, 13, 13, 13, 14, 14, 15, 15, 17, 17, 17, 17, 18, 18, 19, 19, 21, 21, 21, 21, 21, 21, 22, 22, 23, 23, 25, 25, 25, 25, 25, 25, 25, 25, 25, 25, 25, 25, 26, 26, 27, 27, 28, 28, 32, 32, 32, 32, 33, 33, 34, 34, 36, 36, 36, 36, 37, 37, 38, 38, 40, 40, 40, 40, 40, 40], "b_points": [0, 1, 1, 2, 2, 1, 1, 1, 1, 2, 2, 4, 4, 3, 3, 5, 5, 5, 5, 6, 6, 7, 7, 8, 8, 9, 9, 15, 15, 15, 15, 16, 16, 17, 17, 18, 18, 19, 19, 20, 20, 22, 22, 21, 21, 23, 23, 23, 23, 23, 23, 23, 23, 23, 23, 23, 23, 23, 23, 23, 23, 24, 24, 25, 25, 27, 27, 27, 27, 28, 28, 29, 29, 31, 31, 31, 31, 32, 32, 32], "a_turns_left": [39, 39, 38, 38, 37, 37, 36, 36, 35, 35, 34, 34, 33, 33, 32, 32, 31, 31, 30, 30, 29, 29, 28, 28, 27, 27, 26, 26, 25, 25, 24, 24, 23, 23, 22, 22, 21, 21, 20, 20, 19, 19, 18, 18, 17, 17, 16, 16, 15, 15, 14, 14, 13, 13, 12, 12, 11, 11, 10, 10, 9, 9, 8, 8, 7, 7, 6, 6, 5, 5, 4, 4, 3, 3, 2, 2, 1, 1, 0, 0], "b_turns_left": [40, 39, 39, 38, 38, 37, 37, 36, 36, 35, 35, 34, 34, 33, 33, 32, 32, 31, 31, 30, 30, 29, 29, 28, 28, 27, 27, 26, 26, 25, 25, 24, 24, 23, 23, 22, 22, 21, 21, 20, 20, 19, 19, 18, 18, 17, 17, 16, 16, 15, 15, 14, 14, 13, 13, 12, 12, 11, 11, 10, 10, 9, 9, 8, 8, 7, 7, 6, 6, 5, 5, 4, 4, 3, 3, 2, 2, 1, 1, 0], "a_time_left": [355.9756726999767, 355.9756726999767, 351.9561972999945, 351.9561972999945, 347.93408779997844, 347.93408779997844, 343.920835500001, 343.920835500001, 339.9021309999516, 339.9021309999516, 335.8870102999499, 335.8870102999499, 331.8750637999037, 331.8750637999037, 327.8681602998404, 327.8681602998404, 323.85933239979204, 323.85933239979204, 319.8379549997626, 319.8379549997626, 315.81621459976304, 315.81621459976304, 311.8020812997129, 311.8020812997129, 307.7904762997059, 307.7904762997059, 303.78226419968996, 303.78226419968996, 299.7726210997207, 299.7726210997207, 295.7627190997591, 295.7627190997591, 291.75659679982346, 291.75659679982346, 287.7493456999073, 287.7493456999073, 283.7435728999553, 283.7435728999553, 279.73798390000593, 279.73798390000593, 275.73041299998295, 275.73041299998295, 271.72661689994857, 271.72661689994857, 267.722910799901, 267.722910799901, 263.7138118998846, 263.7138118998846, 259.7055668999674, 259.7055668999674, 255.7001789000351, 255.7001789000351, 251.69047669996507, 251.69047669996507, 247.67711329995655, 247.67711329995655, 243.66595109994523, 243.66595109994523, 239.6598931000335, 239.6598931000335, 235.64593710005283, 235.64593710005283, 231.627274199971, 231.627274199971, 227.60962319991086, 227.60962319991086, 223.59968839993235, 223.59968839993235, 219.59022269991692, 219.59022269991692, 215.58250269992277, 215.58250269992277, 211.57702759990934, 211.57702759990934, 207.56951669987757, 207.56951669987757, 203.56290859985165, 203.56290859985165, 199.55558789975476, 199.55558789975476], "b_time_left": [360, 355.9769452000037, 355.9769452000037, 351.9587619000813, 351.9587619000813, 347.9404759000754, 347.9404759000754, 343.92827989999205, 343.92827989999205, 339.91281269991305, 339.91281269991305, 335.90152779989876, 335.90152779989876, 331.8943935999414, 331.8943935999414, 327.8843810999533, 327.8843810999533, 323.87288219993934, 323.87288219993934, 319.8494445999386, 319.8494445999386, 315.83004299993627, 315.83004299993627, 311.81875689991284, 311.81875689991284, 307.8079351998167, 307.8079351998167, 303.79912469978444, 303.79912469978444, 299.7919047997566, 299.7919047997566, 295.782258499763, 295.782258499763, 291.77249219978694, 291.77249219978694, 287.7672667998122, 287.7672667998122, 283.7572227998171, 283.7572227998171, 279.752050699899, 279.752050699899, 275.7461207997985, 275.7461207997985, 271.7407970997738, 271.7407970997738, 267.73404989985283, 267.73404989985283, 263.7283488998655, 263.7283488998655, 259.72106379980687, 259.72106379980687, 255.70745349978097, 255.70745349978097, 251.69203219981864, 251.69203219981864, 247.6776460998226, 247.6776460998226, 243.66682429984212, 243.66682429984212, 239.65900919982232, 239.65900919982232, 235.63689189986326, 235.63689189986326, 231.61688969982788, 231.61688969982788, 227.60422969982028, 227.60422969982028, 223.59696649981197, 223.59696649981197, 219.58715639973525, 219.58715639973525, 215.57446529972367, 215.57446529972367, 211.56875969981775, 211.56875969981775, 207.5631824998418, 207.5631824998418, 203.55693999992218, 203.55693999992218, 199.55372959992383], "rat_caught": [false, false, false, false, false, false, false, false, false, false, false, false, false, false, false, false, false, false, false, false, false, false, false, false, false, false, false, false, false, false, false, false, false, false, false, false, false, false, false, false, false, false, false, false, false, false, false, false, false, false, false, false, false, false, false, false, false, false, false, false, false, false, false, false, false, false, false, false, false, false, false, false, false, false, false, false, false, false, false, false], "left_behind": ["prime", "prime", "prime", "prime", "prime", "carpet", "prime", "plain", "prime", "prime", "prime", "carpet", "prime", "carpet", "carpet", "carpet", "plain", "plain", "prime", "prime", "prime", "prime", "carpet", "prime", "plain", "prime", "prime", "carpet", "prime", "plain", "carpet", "prime", "plain", "prime", "plain", "prime", "prime", "prime", "prime", "prime", "carpet", "carpet", "plain", "carpet", "plain", "carpet", "plain", "plain", "plain", "plain", "plain", "plain", "prime", "plain", "prime", "plain", "prime", "plain", "carpet", "plain", "plain", "prime", "prime", "prime", "prime", "carpet", "carpet", "plain", "plain", "prime", "prime", "prime", "prime", "carpet", "carpet", "plain", "plain", "prime", "plain", "plain"], "errlog_a": "Turn 40 | Best rat: (1, 5) @ 44.98%", "errlog_b": "Turn 40 | Best rat: (3, 4) @ 39.44%", "start_time": 360, "start_moves": 80, "turn_count": 80, "result": 0, "reason": "POINTS", "trapdoors": [[5, 5], [5, 5], [5, 5], [4, 5], [4, 5], [4, 5], [4, 6], [4, 6], [4, 7], [3, 7], [3, 7], [3, 7], [3, 7], [3, 7], [3, 7], [3, 7], [3, 7], [3, 7], [3, 6], [3, 6], [3, 6], [3, 6], [3, 7], [3, 7], [3, 7], [3, 7], [2, 7], [1, 7], [0, 7], [0, 6], [0, 6], [0, 5], [0, 5], [0, 4], [0, 4], [1, 4], [1, 4], [1, 4], [1, 4], [1, 5], [1, 5], [2, 5], [3, 5], [3, 5], [3, 6], [3, 6], [3, 6], [3, 6], [3, 6], [3, 6], [3, 6], [3, 6], [3, 6], [3, 6], [3, 6], [3, 7], [3, 7], [3, 7], [2, 7], [1, 7], [1, 7], [0, 7], [0, 6], [0, 6], [0, 6], [0, 6], [0, 6], [0, 6], [0, 5], [1, 5], [2, 5], [3, 5], [3, 5], [2, 5], [2, 5], [2, 4], [2, 4], [2, 4], [2, 4], [2, 4], [3, 4]], "spawn_a": [3, 2], "spawn_b": [4, 2]}