{"pos": [[3, 2], [5, 3], [3, 3], [5, 2], [5, 3], [5, 1], [5, 4], [5, 0], [4, 4], [5, 2], [4, 5], [5, 3], [4, 6], [4, 3], [4, 4], [4, 2], [3, 4], [4, 2], [3, 5], [3, 2], [3, 6], [3, 1], [3, 7], [2, 1], [3, 4], [2, 1], [2, 4], [2, 0], [2, 3], [3, 0], [2, 2], [4, 0], [4, 2], [4, 1], [3, 2], [4, 2], [2, 2], [3, 2], [2, 0], [3, 2], [2, 0], [2, 2], [2, 1], [2, 4], [4, 1], [2, 4], [4, 0], [2, 5], [3, 0], [2, 6], [2, 0], [2, 6], [4, 0], [2, 7], [5, 0], [3, 7], [5, 1], [4, 7], [5, 2], [5, 7], [5, 3], [5, 6], [6, 3], [5, 6], [6, 4], [5, 6], [7, 4], [5, 6], [7, 3], [5, 6], [7, 4], [5, 6], [5, 4], [5, 6], [5, 5], [5, 6], [5, 4], [5, 6], [5, 3], [5, 6]], "a_points": [1, 1, 0, 0, 2, 2, 2, 2, 3, 3, 4, 4, 5, 5, 7, 7, 7, 7, 8, 8, 9, 9, 10, 10, 14, 14, 14, 14, 15, 15, 16, 16, 18, 18, 18, 18, 18, 18, 20, 20, 24, 24, 24, 24, 26, 26, 26, 26, 27, 27, 28, 28, 30, 30, 30, 30, 31, 31, 31, 31, 31, 31, 31, 31, 32, 32, 33, 33, 33, 33, 34, 34, 36, 36, 36, 36, 37, 37, 37, 37], "b_points": [0, 1, 1, 2, 2, 3, 3, 4, 4, 6, 6, 6, 6, 6, 6, 6, 6, 4, 4, 5, 5, 6, 6, 7, 7, 11, 11, 12, 12, 13, 13, 13, 13, 13, 13, 14, 14, 14, 14, 12, 12, 12, 12, 14, 14, 12, 12, 12, 12, 13, 13, 17, 17, 18, 18, 19, 19, 20, 20, 21, 21, 22, 22, 26, 26, 24, 24, 22, 22, 20, 20, 18, 18, 16, 16, 14, 14, 18, 18, 16], "a_turns_left": [39, 39, 38, 38, 37, 37, 36, 36, 35, 35, 34, 34, 33, 33, 32, 32, 31, 31, 30, 30, 29, 29, 28, 28, 27, 27, 26, 26, 25, 25, 24, 24, 23, 23, 22, 22, 21, 21, 20, 20, 19, 19, 18, 18, 17, 17, 16, 16, 15, 15, 14, 14, 13, 13, 12, 12, 11, 11, 10, 10, 9, 9, 8, 8, 7, 7, 6, 6, 5, 5, 4, 4, 3, 3, 2, 2, 1, 1, 0, 0], "b_turns_left": [40, 39, 39, 38, 38, 37, 37, 36, 36, 35, 35, 34, 34, 33, 33, 32, 32, 31, 31, 30, 30, 29, 29, 28, 28, 27, 27, 26, 26, 25, 25, 24, 24, 23, 23, 22, 22, 21, 21, 20, 20, 19, 19, 18, 18, 17, 17, 16, 16, 15, 15, 14, 14, 13, 13, 12, 12, 11, 11, 10, 10, 9, 9, 8, 8, 7, 7, 6, 6, 5, 5, 4, 4, 3, 3, 2, 2, 1, 1, 0], "a_time_left": [352.26753220002865, 352.26753220002865, 344.57994790002704, 344.57994790002704, 336.8205317000393, 336.8205317000393, 329.1915307000163, 329.1915307000163, 321.3813194000395, 321.3813194000395, 313.54446150001604, 313.54446150001604, 305.6647631000378, 305.6647631000378, 301.9284229000914, 301.9284229000914, 293.8913688000757, 293.8913688000757, 285.8851602001232, 285.8851602001232, 277.8568424000987, 277.8568424000987, 269.8134561001207, 269.8134561001207, 261.79448530013906, 261.79448530013906, 253.95764290017541, 253.95764290017541, 245.9258320002118, 245.9258320002118, 240.33483860018896, 240.33483860018896, 237.61191340023652, 237.61191340023652, 232.48764090024633, 232.48764090024633, 228.67850250029005, 228.67850250029005, 225.61048460024176, 225.61048460024176, 225.6100731002516, 225.6100731002516, 224.3445338002639, 224.3445338002639, 222.22157890029484, 222.22157890029484, 218.80696760024875, 218.80696760024875, 212.04250330023933, 212.04250330023933, 207.535946000251, 207.535946000251, 205.28148980025435, 205.28148980025435, 202.09500530024525, 202.09500530024525, 198.32659350021277, 198.32659350021277, 194.39725670020562, 194.39725670020562, 190.76216260023648, 190.76216260023648, 185.07413020019885, 185.07413020019885, 179.76747040019836, 179.76747040019836, 175.49880260019563, 175.49880260019563, 171.57101200020406, 171.57101200020406, 168.5798107002047, 168.5798107002047, 167.3183638001792, 167.3183638001792, 165.9187993002124, 165.9187993002124, 165.47284630022477, 165.47284630022477, 165.36786900024163, 165.36786900024163], "b_time_left": [360, 352.3417300999863, 352.3417300999863, 344.62433190003503, 344.62433190003503, 338.66131580004003, 338.66131580004003, 330.8393067000434, 330.8393067000434, 322.99985160003416, 322.99985160003416, 315.13405560003594, 315.13405560003594, 308.7956898000557, 308.7956898000557, 303.3083571000607, 303.3083571000607, 303.3081640001037, 303.3081640001037, 295.2487408000743, 295.2487408000743, 287.2216723000747, 287.2216723000747, 279.20552840002347, 279.20552840002347, 279.2052690999699, 279.2052690999699, 271.161283799971, 271.161283799971, 265.29488679999486, 265.29488679999486, 262.4480645999429, 262.4480645999429, 257.4087285998976, 257.4087285998976, 251.21100999991177, 251.21100999991177, 246.89126389991725, 246.89126389991725, 246.89098079991527, 246.89098079991527, 245.0252135999035, 245.0252135999035, 242.8377451998531, 242.8377451998531, 242.83741279988317, 242.83741279988317, 238.23657539993292, 238.23657539993292, 233.8917620999273, 233.8917620999273, 233.89156169991475, 233.89156169991475, 230.85527119995095, 230.85527119995095, 228.34047859994462, 228.34047859994462, 225.27739149995614, 225.27739149995614, 221.75385199993616, 221.75385199993616, 217.25117449992104, 217.25117449992104, 217.25096229987685, 217.25096229987685, 217.25071459985338, 217.25071459985338, 217.2503944998607, 217.2503944998607, 217.2501709998469, 217.2501709998469, 217.2499582998571, 217.2499582998571, 217.2497264998383, 217.2497264998383, 217.24953099980485, 217.24953099980485, 217.24927249981556, 217.24927249981556, 217.2491049998207], "rat_caught": [false, false, false, false, false, false, false, false, false, false, false, false, false, false, false, false, false, false, false, false, false, false, false, false, false, true, false, false, false, false, false, false, false, false, false, false, false, false, false, false, true, false, false, false, false, false, false, false, false, false, false, true, false, false, false, false, false, false, false, false, false, false, false, true, false, false, false, false, false, false, false, false, false, false, false, false, false, true, false, false], "left_behind": ["prime", "prime", "carpet", "prime", "carpet", "prime", "plain", "prime", "prime", "carpet", "prime", "plain", "prime", "plain", "carpet", "plain", "plain", "search", "prime", "prime", "prime", "prime", "prime", "prime", "carpet", "search", "plain", "prime", "prime", "prime", "prime", "plain", "carpet", "plain", "plain", "prime", "plain", "plain", "carpet", "search", "search", "plain", "plain", "carpet", "carpet", "search", "plain", "plain", "prime", "prime", "prime", "search", "carpet", "prime", "plain", "prime", "prime", "prime", "plain", "prime", "plain", "prime", "plain", "search", "prime", "search", "prime", "search", "plain", "search", "prime", "search", "carpet", "search", "plain", "search", "prime", "search", "plain", "search"], "errlog_a": "Turn 40 done. Search depths reached: [1, 2, 3, 4, 5, 6]. Rat peak belief at (1, 2), EV=-1.76. Last search stats: nodes=89, time=0.130s, depths=[1, 2, 3, 4, 5, 6]", "errlog_b": "Turn 40 done. Search depths reached: [1, 2, 3, 4, 5, 6]. Rat peak belief at (1, 5), EV=0.15. Last search stats: nodes=2432, time=31.308s, depths=[1, 2, 3, 4, 5, 6]", "start_time": 360, "start_moves": 80, "turn_count": 80, "result": 0, "reason": "POINTS", "trapdoors": [[2, 5], [2, 5], [1, 5], [1, 5], [1, 4], [1, 4], [1, 4], [1, 4], [0, 4], [0, 4], [0, 4], [0, 4], [0, 3], [0, 3], [0, 2], [0, 3], [0, 2], [1, 2], [1, 2], [2, 2], [2, 1], [2, 1], [2, 1], [2, 1], [2, 1], [2, 1], [1, 7], [0, 7], [0, 7], [0, 6], [0, 5], [1, 5], [1, 4], [1, 4], [1, 3], [1, 3], [1, 3], [1, 2], [1, 2], [1, 2], [2, 2], [1, 2], [1, 2], [1, 2], [1, 2], [0, 2], [0, 2], [0, 2], [0, 1], [0, 1], [0, 2], [0, 2], [3, 2], [3, 2], [3, 3], [3, 3], [3, 4], [3, 4], [3, 4], [3, 4], [3, 5], [3, 4], [3, 4], [3, 5], [3, 7], [2, 7], [2, 7], [1, 7], [1, 7], [0, 7], [0, 7], [0, 6], [0, 6], [0, 5], [0, 5], [0, 4], [0, 3], [0, 3], [2, 6], [2, 6], [2, 6]], "spawn_a": [3, 3], "spawn_b": [4, 3]}