{"pos": [[2, 4], [5, 4], [2, 3], [5, 3], [2, 2], [5, 2], [2, 1], [5, 1], [2, 0], [5, 0], [2, 5], [5, 5], [2, 6], [5, 6], [3, 6], [5, 6], [3, 5], [5, 6], [3, 4], [5, 6], [3, 3], [5, 5], [3, 2], [4, 5], [3, 1], [4, 4], [3, 0], [4, 3], [3, 6], [4, 2], [3, 7], [4, 1], [3, 7], [4, 0], [4, 7], [4, 5], [5, 7]], "a_points": [1, 1, 2, 2, 3, 3, 4, 4, 5, 5, 15, 15, 15, 15, 16, 16, 17, 17, 18, 18, 19, 19, 20, 20, 21, 21, 22, 22, 37, 37, 37, 37, 35, 35, 36, 36, 37], "b_points": [0, 1, 1, 2, 2, 3, 3, 4, 4, 5, 5, 15, 15, 15, 15, 19, 19, 17, 17, 15, 15, 16, 16, 16, 16, 17, 17, 18, 18, 19, 19, 20, 20, 21, 21, 31, 31], "a_turns_left": [39, 39, 38, 38, 37, 37, 36, 36, 35, 35, 34, 34, 33, 33, 32, 32, 31, 31, 30, 30, 29, 29, 28, 28, 27, 27, 26, 26, 25, 25, 24, 24, 23, 23, 22, 22, 21], "b_turns_left": [40, 39, 39, 38, 38, 37, 37, 36, 36, 35, 35, 34, 34, 33, 33, 32, 32, 31, 31, 30, 30, 29, 29, 28, 28, 27, 27, 26, 26, 25, 25, 24, 24, 23, 23, 22, 22], "a_time_left": [359.99833810003474, 359.99833810003474, 359.99727940000594, 359.99727940000594, 359.99655209993944, 359.99655209993944, 359.99579189985525, 359.99579189985525, 359.99512359988876, 359.99512359988876, 359.99452599987853, 359.99452599987853, 359.99388199986424, 359.99388199986424, 359.9931695999112, 359.9931695999112, 359.9906942999223, 359.9906942999223, 359.989839799935, 359.989839799935, 359.9889085998293, 359.9889085998293, 359.98794389981776, 359.98794389981776, 359.9868886998156, 359.9868886998156, 359.98583189980127, 359.98583189980127, 359.9847624998074, 359.9847624998074, 359.9837503997842, 359.9837503997842, 359.98273349984083, 359.98273349984083, 359.98167779983487, 359.98167779983487, 359.9803532998776], "b_time_left": [360, 359.9986983999843, 359.9986983999843, 359.9979982000077, 359.9979982000077, 359.9973269000184, 359.9973269000184, 359.9966410000343, 359.9966410000343, 359.995900799986, 359.995900799986, 359.99527989991475, 359.99527989991475, 359.99468669993803, 359.99468669993803, 359.9938414999051, 359.9938414999051, 359.9931113998173, 359.9931113998173, 359.99231589981355, 359.99231589981355, 359.9912805998465, 359.9912805998465, 359.9903031998547, 359.9903031998547, 359.98917699989397, 359.98917699989397, 359.9882602998987, 359.9882602998987, 359.98739059991203, 359.98739059991203, 359.9860853998689, 359.9860853998689, 359.98507599986624, 359.98507599986624, 359.98392359982245, 359.98392359982245], "rat_caught": [false, false, false, false, false, false, false, false, false, false, false, false, false, false, false, true, false, false, false, false, false, false, false, false, false, false, false, false, false, false, false, false, false, false, false, false, false], "left_behind": ["prime", "prime", "prime", "prime", "prime", "prime", "prime", "prime", "prime", "prime", "carpet", "carpet", "plain", "plain", "prime", "search", "prime", "search", "prime", "search", "prime", "prime", "prime", "plain", "prime", "prime", "prime", "prime", "carpet", "prime", "plain", "prime", "search", "prime", "prime", "carpet", "prime"], "errlog_a": "commentary failed", "errlog_b": "Timeout", "start_time": 360, "start_moves": 80, "turn_count": 37, "result": 0, "reason": "CODE_CRASH", "trapdoors": [[4, 1], [5, 1], [5, 1], [5, 1], [5, 2], [5, 1], [6, 1], [5, 1], [5, 1], [5, 1], [5, 1], [5, 1], [5, 1], [5, 1], [4, 1], [4, 1], [1, 4], [1, 4], [1, 4], [1, 4], [1, 4], [1, 3], [1, 2], [1, 2], [1, 2], [1, 2], [1, 2], [1, 2], [2, 2], [2, 1], [2, 1], [2, 2], [2, 3], [2, 4], [2, 4], [2, 5], [2, 5], [2, 5], [2, 5]], "spawn_a": [2, 5], "spawn_b": [5, 5]}