{"pos": [[3, 4], [4, 4], [3, 3], [4, 3], [3, 5], [4, 5], [3, 4], [4, 4], [3, 3], [4, 3], [3, 2], [4, 2], [3, 1], [4, 1], [3, 3], [4, 3], [3, 2], [4, 2], [3, 1], [4, 1], [3, 0], [4, 0], [3, 1], [4, 1], [3, 2], [4, 0], [2, 2], [3, 0], [2, 2], [4, 0], [2, 3], [3, 0], [2, 4], [4, 0], [2, 2], [3, 0], [3, 2], [4, 0], [4, 2], [3, 0], [5, 2], [4, 0], [5, 3], [3, 0], [5, 4], [4, 0], [5, 2], [3, 0], [6, 2], [4, 0], [6, 3], [3, 0], [6, 4], [4, 0], [6, 2], [3, 0], [7, 2], [4, 0], [7, 3], [3, 0], [7, 4], [4, 0], [7, 2], [4, 1], [6, 2], [3, 1], [5, 2], [3, 0], [4, 2], [4, 0], [4, 1], [3, 0], [4, 0], [3, 0], [4, 1], [3, 1], [4, 0], [3, 0], [4, 1], [3, 1]], "a_points": [1, 1, 2, 2, 4, 4, 4, 4, 4, 4, 5, 5, 6, 6, 8, 8, 8, 8, 8, 8, 8, 8, 8, 8, 9, 9, 9, 9, 13, 13, 14, 14, 15, 15, 17, 17, 17, 17, 17, 17, 17, 17, 18, 18, 19, 19, 21, 21, 21, 21, 22, 22, 23, 23, 25, 25, 25, 25, 26, 26, 27, 27, 29, 29, 29, 29, 29, 29, 29, 29, 29, 29, 28, 28, 28, 28, 28, 28, 28, 28], "b_points": [0, 1, 1, 2, 2, 4, 4, 4, 4, 4, 4, 5, 5, 6, 6, 8, 8, 8, 8, 8, 8, 8, 8, 8, 8, 9, 9, 9, 9, 9, 9, 9, 9, 9, 9, 9, 9, 9, 9, 9, 9, 9, 9, 9, 9, 9, 9, 9, 9, 9, 9, 9, 9, 9, 9, 9, 9, 9, 9, 9, 9, 10, 10, 9, 9, 8, 8, 7, 7, 7, 7, 8, 8, 12, 12, 12, 12, 12, 12, 12], "a_turns_left": [39, 39, 38, 38, 37, 37, 36, 36, 35, 35, 34, 34, 33, 33, 32, 32, 31, 31, 30, 30, 29, 29, 28, 28, 27, 27, 26, 26, 25, 25, 24, 24, 23, 23, 22, 22, 21, 21, 20, 20, 19, 19, 18, 18, 17, 17, 16, 16, 15, 15, 14, 14, 13, 13, 12, 12, 11, 11, 10, 10, 9, 9, 8, 8, 7, 7, 6, 6, 5, 5, 4, 4, 3, 3, 2, 2, 1, 1, 0, 0], "b_turns_left": [40, 39, 39, 38, 38, 37, 37, 36, 36, 35, 35, 34, 34, 33, 33, 32, 32, 31, 31, 30, 30, 29, 29, 28, 28, 27, 27, 26, 26, 25, 25, 24, 24, 23, 23, 22, 22, 21, 21, 20, 20, 19, 19, 18, 18, 17, 17, 16, 16, 15, 15, 14, 14, 13, 13, 12, 12, 11, 11, 10, 10, 9, 9, 8, 8, 7, 7, 6, 6, 5, 5, 4, 4, 3, 3, 2, 2, 1, 1, 0], "a_time_left": [359.9994308000314, 359.9994308000314, 359.99904600006994, 359.99904600006994, 359.9987586000934, 359.9987586000934, 359.99841000005836, 359.99841000005836, 359.9980156000238, 359.9980156000238, 359.9977427000413, 359.9977427000413, 359.9973369000945, 359.9973369000945, 359.99702320009237, 359.99702320009237, 359.9967398000881, 359.9967398000881, 359.99646440008655, 359.99646440008655, 359.99606700008735, 359.99606700008735, 359.99578520009527, 359.99578520009527, 359.97109840007033, 359.97109840007033, 359.94827950006584, 359.94827950006584, 359.9480366000789, 359.9480366000789, 359.9476326000877, 359.9476326000877, 359.9473076001159, 359.9473076001159, 359.94700080010807, 359.94700080010807, 359.93101000011666, 359.93101000011666, 359.9120020001428, 359.9120020001428, 359.8958744001575, 359.8958744001575, 359.89553350018105, 359.89553350018105, 359.8951390002039, 359.8951390002039, 359.89480050024576, 359.89480050024576, 359.87348430021666, 359.87348430021666, 359.8725965002086, 359.8725965002086, 359.8718871002202, 359.8718871002202, 359.8715743002249, 359.8715743002249, 359.8567454002332, 359.8567454002332, 359.85633440024685, 359.85633440024685, 359.85576910024974, 359.85576910024974, 359.8553087002365, 359.8553087002365, 359.84388400026364, 359.84388400026364, 359.8321390002966, 359.8321390002966, 359.8195180002949, 359.8195180002949, 359.80029430030845, 359.80029430030845, 359.79996780026704, 359.79996780026704, 359.7938560002367, 359.7938560002367, 359.78817430027993, 359.78817430027993, 359.7865977002657, 359.7865977002657], "b_time_left": [360, 359.9995784999919, 359.9995784999919, 359.9992541000247, 359.9992541000247, 359.99892700003693, 359.99892700003693, 359.9984311000444, 359.9984311000444, 359.99808430008125, 359.99808430008125, 359.9976642000838, 359.9976642000838, 359.99726880009985, 359.99726880009985, 359.9968115001102, 359.9968115001102, 359.9964713000809, 359.9964713000809, 359.9961636000662, 359.9961636000662, 359.9958342000609, 359.9958342000609, 359.995568000013, 359.995568000013, 359.9610721000354, 359.9610721000354, 359.9356268000556, 359.9356268000556, 359.90806050004903, 359.90806050004903, 359.8780533000245, 359.8780533000245, 359.83851349999895, 359.83851349999895, 359.82409450004343, 359.82409450004343, 359.8086461000494, 359.8086461000494, 359.79388400004245, 359.79388400004245, 359.7655831000884, 359.7655831000884, 359.73218320007436, 359.73218320007436, 359.6926787000848, 359.6926787000848, 359.6779483000864, 359.6779483000864, 359.65224270010367, 359.65224270010367, 359.59932750015287, 359.59932750015287, 359.546305300144, 359.546305300144, 359.53445220016874, 359.53445220016874, 359.52049340016674, 359.52049340016674, 359.49637590016937, 359.49637590016937, 359.4954385001329, 359.4954385001329, 359.49509650014807, 359.49509650014807, 359.4947275001905, 359.4947275001905, 359.49438380019274, 359.49438380019274, 359.4825200001942, 359.4825200001942, 359.4822219001944, 359.4822219001944, 359.48184180021053, 359.48184180021053, 359.4780392002431, 359.4780392002431, 359.47067640023306, 359.47067640023306, 359.469378300244], "rat_caught": [false, false, false, false, false, false, false, false, false, false, false, false, false, false, false, false, false, false, false, false, false, false, false, false, false, false, false, false, true, false, false, false, false, false, false, false, false, false, false, false, false, false, false, false, false, false, false, false, false, false, false, false, false, false, false, false, false, false, false, false, false, false, false, false, false, false, false, false, false, false, false, false, false, true, false, false, false, false, false, false], "left_behind": ["prime", "prime", "prime", "prime", "carpet", "carpet", "plain", "plain", "plain", "plain", "prime", "prime", "prime", "prime", "carpet", "carpet", "plain", "plain", "plain", "plain", "plain", "plain", "plain", "plain", "prime", "prime", "plain", "plain", "search", "plain", "prime", "plain", "prime", "plain", "carpet", "plain", "plain", "plain", "plain", "plain", "plain", "plain", "prime", "plain", "prime", "plain", "carpet", "plain", "plain", "plain", "prime", "plain", "prime", "plain", "carpet", "plain", "plain", "plain", "prime", "plain", "prime", "prime", "carpet", "carpet", "plain", "carpet", "plain", "carpet", "plain", "plain", "plain", "prime", "carpet", "search", "plain", "plain", "plain", "plain", "plain", "plain"], "errlog_a": "Turns played: 40 | Searches made: 1 | Prime direction: UP | Best rat belief: (6, 5) @ 15.00%", "errlog_b": "Turns played: 40 | Searches made: 1 | Prime direction: LEFT | Best rat belief: (2, 6) @ 20.27%", "start_time": 360, "start_moves": 80, "turn_count": 80, "result": 0, "reason": "POINTS", "trapdoors": [[6, 1], [6, 2], [6, 2], [7, 2], [7, 3], [7, 3], [7, 3], [7, 3], [7, 3], [7, 3], [7, 3], [7, 2], [7, 2], [7, 2], [7, 2], [6, 2], [6, 3], [6, 4], [6, 4], [6, 3], [6, 3], [6, 3], [6, 3], [6, 3], [6, 2], [5, 2], [5, 2], [5, 2], [5, 2], [2, 4], [2, 4], [2, 3], [2, 3], [2, 3], [2, 3], [2, 4], [2, 5], [2, 5], [2, 5], [1, 5], [1, 5], [1, 4], [1, 4], [1, 3], [1, 4], [1, 4], [1, 4], [1, 4], [1, 4], [1, 3], [1, 3], [1, 3], [1, 2], [1, 2], [2, 2], [2, 3], [2, 3], [2, 4], [2, 5], [1, 5], [1, 4], [1, 4], [1, 4], [1, 4], [1, 4], [1, 4], [1, 4], [1, 4], [1, 4], [1, 3], [1, 2], [1, 2], [2, 2], [2, 2], [4, 6], [5, 6], [5, 5], [5, 5], [5, 5], [5, 6], [6, 6]], "spawn_a": [3, 5], "spawn_b": [4, 5]}