{"pos": [[2, 4], [5, 4], [2, 3], [5, 3], [2, 2], [5, 2], [2, 1], [5, 1], [2, 0], [5, 0], [2, 5], [5, 5], [2, 5], [5, 6], [2, 5], [4, 6], [2, 5], [4, 5], [2, 5], [4, 4], [2, 6], [4, 3], [2, 5], [4, 2], [2, 5], [4, 1], [2, 5], [4, 0], [2, 5], [4, 6], [2, 5], [4, 6], [2, 5], [4, 6], [2, 5], [4, 6], [2, 5], [4, 6], [2, 5], [4, 6], [2, 5], [4, 7], [2, 5], [3, 7], [2, 5], [3, 6], [2, 5], [3, 5], [2, 5], [3, 4], [2, 5], [3, 3], [2, 5], [3, 2], [2, 5], [3, 1], [2, 5], [3, 0], [2, 5], [3, 7], [2, 5], [3, 7], [2, 4], [3, 7], [1, 4], [3, 7], [1, 3], [3, 7], [1, 2], [3, 7], [1, 4], [3, 7], [1, 4], [3, 7], [0, 4], [3, 7], [0, 3], [3, 7], [0, 2], [3, 7]], "a_points": [1, 1, 2, 2, 3, 3, 4, 4, 5, 5, 15, 15, 19, 19, 17, 17, 15, 15, 19, 19, 19, 19, 20, 20, 18, 18, 16, 16, 14, 14, 12, 12, 10, 10, 8, 8, 6, 6, 4, 4, 8, 8, 6, 6, 4, 4, 2, 2, 6, 6, 4, 4, 2, 2, 6, 6, 4, 4, 2, 2, 0, 0, 0, 0, 0, 0, 1, 1, 2, 2, 4, 4, 2, 2, 2, 2, 3, 3, 4, 4], "b_points": [0, 1, 1, 2, 2, 3, 3, 4, 4, 5, 5, 15, 15, 15, 15, 16, 16, 17, 17, 18, 18, 19, 19, 20, 20, 21, 21, 22, 22, 37, 37, 35, 35, 33, 33, 31, 31, 29, 29, 27, 27, 27, 27, 28, 28, 29, 29, 30, 30, 31, 31, 32, 32, 33, 33, 34, 34, 35, 35, 56, 56, 60, 60, 58, 58, 56, 56, 54, 54, 52, 52, 50, 50, 54, 54, 52, 52, 56, 56, 54], "a_turns_left": [39, 39, 38, 38, 37, 37, 36, 36, 35, 35, 34, 34, 33, 33, 32, 32, 31, 31, 30, 30, 29, 29, 28, 28, 27, 27, 26, 26, 25, 25, 24, 24, 23, 23, 22, 22, 21, 21, 20, 20, 19, 19, 18, 18, 17, 17, 16, 16, 15, 15, 14, 14, 13, 13, 12, 12, 11, 11, 10, 10, 9, 9, 8, 8, 7, 7, 6, 6, 5, 5, 4, 4, 3, 3, 2, 2, 1, 1, 0, 0], "b_turns_left": [40, 39, 39, 38, 38, 37, 37, 36, 36, 35, 35, 34, 34, 33, 33, 32, 32, 31, 31, 30, 30, 29, 29, 28, 28, 27, 27, 26, 26, 25, 25, 24, 24, 23, 23, 22, 22, 21, 21, 20, 20, 19, 19, 18, 18, 17, 17, 16, 16, 15, 15, 14, 14, 13, 13, 12, 12, 11, 11, 10, 10, 9, 9, 8, 8, 7, 7, 6, 6, 5, 5, 4, 4, 3, 3, 2, 2, 1, 1, 0], "a_time_left": [359.99847370001953, 359.99847370001953, 359.99800560006406, 359.99800560006406, 359.9973432001425, 359.9973432001425, 359.99649160017725, 359.99649160017725, 359.99592370027676, 359.99592370027676, 359.99529580026865, 359.99529580026865, 359.99468810029794, 359.99468810029794, 359.9941497002728, 359.9941497002728, 359.99374940036796, 359.99374940036796, 359.9933283004211, 359.9933283004211, 359.99280480039306, 359.99280480039306, 359.99232410034165, 359.99232410034165, 359.99193780031055, 359.99193780031055, 359.99156760028563, 359.99156760028563, 359.9911814002553, 359.9911814002553, 359.9907835002523, 359.9907835002523, 359.99046230025124, 359.99046230025124, 359.99012310022954, 359.99012310022954, 359.98982300027274, 359.98982300027274, 359.98949490033556, 359.98949490033556, 359.9892034003278, 359.9892034003278, 359.98889860033523, 359.98889860033523, 359.98842480033636, 359.98842480033636, 359.9877623002976, 359.9877623002976, 359.9871163002681, 359.9871163002681, 359.9866423002677, 359.9866423002677, 359.9862490002997, 359.9862490002997, 359.985578700318, 359.985578700318, 359.9851976003265, 359.9851976003265, 359.98481840023305, 359.98481840023305, 359.9844023002079, 359.9844023002079, 359.98117370018736, 359.98117370018736, 359.9803989001084, 359.9803989001084, 359.9799785000505, 359.9799785000505, 359.97953330003656, 359.97953330003656, 359.97887180012185, 359.97887180012185, 359.978190000169, 359.978190000169, 359.97541920025833, 359.97541920025833, 359.97493120026775, 359.97493120026775, 359.96804620034527, 359.96804620034527], "b_time_left": [360, 359.9988478999585, 359.9988478999585, 359.9977440999355, 359.9977440999355, 359.99701179994736, 359.99701179994736, 359.99631089996547, 359.99631089996547, 359.9956086999737, 359.9956086999737, 359.99489829991944, 359.99489829991944, 359.98990459996276, 359.98990459996276, 359.9894289999502, 359.9894289999502, 359.98897159995977, 359.98897159995977, 359.9862423999002, 359.9862423999002, 359.98574449995067, 359.98574449995067, 359.9852854999481, 359.9852854999481, 359.9848343998892, 359.9848343998892, 359.9843536998378, 359.9843536998378, 359.9838907998055, 359.9838907998055, 359.9834897997789, 359.9834897997789, 359.98284159984905, 359.98284159984905, 359.98246569989715, 359.98246569989715, 359.9821335998131, 359.9821335998131, 359.98181669972837, 359.98181669972837, 359.97846229968127, 359.97846229968127, 359.97800029965583, 359.97800029965583, 359.9773633996956, 359.9773633996956, 359.97636089962907, 359.97636089962907, 359.973536299658, 359.973536299658, 359.9730550997192, 359.9730550997192, 359.97260589979123, 359.97260589979123, 359.969493999728, 359.969493999728, 359.96906909975223, 359.96906909975223, 359.96864939969964, 359.96864939969964, 359.96817719971295, 359.96817719971295, 359.9677380997455, 359.9677380997455, 359.9670596997021, 359.9670596997021, 359.96668199973647, 359.96668199973647, 359.96616879978683, 359.96616879978683, 359.96558089973405, 359.96558089973405, 359.9652428998379, 359.9652428998379, 359.9649448998971, 359.9649448998971, 359.964583399822, 359.964583399822, 359.96421609981917], "rat_caught": [false, false, false, false, false, false, false, false, false, false, false, false, true, false, false, false, false, false, true, false, false, false, false, false, false, false, false, false, false, false, false, false, false, false, false, false, false, false, false, false, true, false, false, false, false, false, false, false, true, false, false, false, false, false, true, false, false, false, false, false, false, true, false, false, false, false, false, false, false, false, false, false, false, true, false, false, false, true, false, false], "left_behind": ["prime", "prime", "prime", "prime", "prime", "prime", "prime", "prime", "prime", "prime", "carpet", "carpet", "search", "plain", "search", "prime", "search", "prime", "search", "prime", "plain", "prime", "prime", "prime", "search", "prime", "search", "prime", "search", "carpet", "search", "search", "search", "search", "search", "search", "search", "search", "search", "search", "search", "plain", "search", "prime", "search", "prime", "search", "prime", "search", "prime", "search", "prime", "search", "prime", "search", "prime", "search", "prime", "search", "carpet", "search", "search", "plain", "search", "plain", "search", "prime", "search", "prime", "search", "carpet", "search", "search", "search", "plain", "search", "prime", "search", "prime", "search"], "errlog_a": "commentary failed", "errlog_b": "commentary failed", "start_time": 360, "start_moves": 80, "turn_count": 80, "result": 1, "reason": "POINTS", "trapdoors": [[5, 5], [5, 5], [5, 5], [5, 5], [4, 5], [4, 6], [4, 6], [4, 6], [4, 7], [4, 7], [4, 7], [4, 7], [4, 7], [3, 4], [3, 4], [3, 5], [3, 6], [3, 6], [3, 6], [5, 3], [5, 3], [5, 3], [5, 3], [5, 3], [5, 3], [6, 3], [7, 3], [7, 4], [7, 4], [7, 4], [7, 4], [7, 4], [7, 4], [7, 3], [7, 3], [7, 3], [7, 3], [7, 2], [7, 2], [7, 2], [7, 2], [4, 1], [4, 1], [4, 1], [3, 1], [3, 1], [3, 1], [3, 2], [3, 2], [4, 4], [3, 4], [3, 4], [3, 4], [3, 4], [3, 4], [3, 7], [3, 7], [2, 7], [2, 7], [2, 7], [2, 7], [2, 7], [4, 5], [4, 5], [4, 6], [4, 6], [4, 6], [4, 5], [4, 5], [4, 5], [5, 5], [5, 5], [5, 5], [5, 5], [2, 5], [2, 5], [2, 5], [3, 5], [1, 5], [1, 5], [0, 5]], "spawn_a": [2, 5], "spawn_b": [5, 5]}