{"pos": [[3, 3], [4, 3], [3, 2], [4, 2], [2, 2], [4, 4]], "a_points": [1, 1, 2, 2, 3, 3], "b_points": [0, 1, 1, 2, 2, 4], "a_turns_left": [39, 39, 38, 38, 37, 37], "b_turns_left": [40, 39, 39, 38, 38, 37], "a_time_left": [355.9772359000053, 355.9772359000053, 351.9575816000579, 351.9575816000579, 347.9393074000254, 347.9393074000254], "b_time_left": [360, 355.9851630999474, 355.9851630999474, 351.9629973998526, 351.9629973998526, 347.9464432998793], "rat_caught": [false, false, false, false, false, false], "left_behind": ["prime", "prime", "prime", "prime", "prime", "carpet"], "errlog_a": "Timeout", "errlog_b": "commentary failed", "start_time": 360, "start_moves": 80, "turn_count": 6, "result": 1, "reason": "CODE_CRASH", "trapdoors": [[3, 6], [3, 6], [3, 6], [3, 6], [3, 7], [2, 7], [1, 7], [1, 7]], "spawn_a": [3, 4], "spawn_b": [4, 4]}