{"pos": [[3, 2], [5, 1], [3, 1], [5, 1], [3, 1], [5, 1]], "a_points": [0, 0, 0, 0, 4, 4], "b_points": [0, 0, 0, -2, -2, -4], "a_turns_left": [39, 39, 38, 38, 37, 37], "b_turns_left": [40, 39, 39, 38, 38, 37], "a_time_left": [357.9304178999737, 357.9304178999737, 355.8711073999293, 355.8711073999293, 353.84874299995136, 353.84874299995136], "b_time_left": [360, 357.93816200003494, 357.93816200003494, 355.9015521000838, 355.9015521000838, 353.8622877000598], "rat_caught": [false, false, false, false, true, false], "left_behind": ["plain", "plain", "plain", "search", "search", "search"], "errlog_a": "Timeout", "errlog_b": "commentary failed", "start_time": 360, "start_moves": 80, "turn_count": 6, "result": 1, "reason": "CODE_CRASH", "trapdoors": [[2, 4], [2, 5], [2, 6], [2, 6], [2, 5], [5, 0], [5, 0], [5, 0]], "spawn_a": [2, 2], "spawn_b": [5, 2]}